city_id,city_name,state,timestamp_utc,temperature_2m,relative_humidity_2m,wind_speed_10m,wind_direction_10m,precipitation,surface_pressure
CHE,Chennai,Tamil Nadu,2026-07-26 00:00:00+00:00,28.3,80,12.2,229,0.0,1003.6
CHE,Chennai,Tamil Nadu,2026-07-26 01:00:00+00:00,28.3,77,12.6,234,0.0,1004.4
CHE,Chennai,Tamil Nadu,2026-07-26 02:00:00+00:00,29.4,73,10.0,250,0.0,1005.1
CHE,Chennai,Tamil Nadu,2026-07-26 03:00:00+00:00,30.1,65,11.1,257,0.0,1005.2
CHE,Chennai,Tamil Nadu,2026-07-26 04:00:00+00:00,31.5,59,12.8,266,0.0,1005.4
CHE,Chennai,Tamil Nadu,2026-07-26 05:00:00+00:00,32.0,57,12.1,264,0.0,1005.3
CHE,Chennai,Tamil Nadu,2026-07-26 06:00:00+00:00,34.3,50,11.6,275,0.0,1004.6
CHE,Chennai,Tamil Nadu,2026-07-26 07:00:00+00:00,35.3,45,13.0,280,0.0,1004.1
CHE,Chennai,Tamil Nadu,2026-07-26 08:00:00+00:00,36.0,43,12.5,276,0.0,1003.3
CHE,Chennai,Tamil Nadu,2026-07-26 09:00:00+00:00,36.4,42,14.4,266,0.0,1002.0
CHE,Chennai,Tamil Nadu,2026-07-26 10:00:00+00:00,35.8,45,17.5,285,0.1,1001.8
CHE,Chennai,Tamil Nadu,2026-07-26 11:00:00+00:00,32.8,55,14.0,257,1.2,1002.1
CHE,Chennai,Tamil Nadu,2026-07-26 12:00:00+00:00,34.1,47,5.5,207,0.0,1001.4
CHE,Chennai,Tamil Nadu,2026-07-26 13:00:00+00:00,33.1,53,10.8,183,0.0,1002.1
CHE,Chennai,Tamil Nadu,2026-07-26 14:00:00+00:00,31.9,61,10.5,186,0.0,1003.1
CHE,Chennai,Tamil Nadu,2026-07-26 15:00:00+00:00,31.7,63,8.4,200,0.0,1003.5
CHE,Chennai,Tamil Nadu,2026-07-26 16:00:00+00:00,31.3,65,9.6,192,0.0,1004.1
CHE,Chennai,Tamil Nadu,2026-07-26 17:00:00+00:00,31.0,67,9.6,197,0.0,1004.4
CHE,Chennai,Tamil Nadu,2026-07-26 18:00:00+00:00,31.7,65,9.9,199,0.0,1003.6
CHE,Chennai,Tamil Nadu,2026-07-26 19:00:00+00:00,31.1,66,9.3,217,0.0,1003.2
CHE,Chennai,Tamil Nadu,2026-07-26 20:00:00+00:00,30.8,66,10.4,231,0.0,1002.8
CHE,Chennai,Tamil Nadu,2026-07-26 21:00:00+00:00,30.7,61,12.1,242,0.0,1002.5
CHE,Chennai,Tamil Nadu,2026-07-26 22:00:00+00:00,30.9,53,13.7,261,0.0,1002.4
CHE,Chennai,Tamil Nadu,2026-07-26 23:00:00+00:00,30.6,53,13.4,265,0.0,1002.5
CHE,Chennai,Tamil Nadu,2026-07-27 00:00:00+00:00,31.4,51,16.8,264,0.0,1002.4
CHE,Chennai,Tamil Nadu,2026-07-27 01:00:00+00:00,30.9,53,15.3,267,0.0,1003.2
CHE,Chennai,Tamil Nadu,2026-07-27 02:00:00+00:00,31.5,52,13.3,268,0.0,1004.0
CHE,Chennai,Tamil Nadu,2026-07-27 03:00:00+00:00,32.4,50,14.4,273,0.0,1004.4
CHE,Chennai,Tamil Nadu,2026-07-27 04:00:00+00:00,33.2,48,13.9,283,0.0,1004.6
CHE,Chennai,Tamil Nadu,2026-07-27 05:00:00+00:00,34.4,45,12.2,289,0.0,1004.4
CHE,Chennai,Tamil Nadu,2026-07-27 06:00:00+00:00,35.0,43,11.0,293,0.0,1003.9
CHE,Chennai,Tamil Nadu,2026-07-27 07:00:00+00:00,36.9,41,11.8,293,0.0,1003.8
CHE,Chennai,Tamil Nadu,2026-07-27 08:00:00+00:00,37.6,39,8.0,320,0.0,1002.9
CHE,Chennai,Tamil Nadu,2026-07-27 09:00:00+00:00,35.8,43,1.9,112,0.0,1002.0
CHE,Chennai,Tamil Nadu,2026-07-27 10:00:00+00:00,33.5,53,11.7,133,0.6,1001.5
CHE,Chennai,Tamil Nadu,2026-07-27 11:00:00+00:00,31.8,60,14.2,177,0.8,1001.2
CHE,Chennai,Tamil Nadu,2026-07-27 12:00:00+00:00,32.2,59,9.9,176,0.0,1001.4
CHE,Chennai,Tamil Nadu,2026-07-27 13:00:00+00:00,32.2,58,8.3,184,0.0,1002.0
CHE,Chennai,Tamil Nadu,2026-07-27 14:00:00+00:00,31.1,64,11.6,184,0.0,1001.9
CHE,Chennai,Tamil Nadu,2026-07-27 15:00:00+00:00,30.6,66,11.2,185,0.0,1003.2
CHE,Chennai,Tamil Nadu,2026-07-27 16:00:00+00:00,30.2,73,11.2,182,0.0,1003.7
CHE,Chennai,Tamil Nadu,2026-07-27 17:00:00+00:00,30.1,76,10.3,195,0.0,1004.3
CHE,Chennai,Tamil Nadu,2026-07-27 18:00:00+00:00,30.2,76,13.6,198,0.2,1003.1
CHE,Chennai,Tamil Nadu,2026-07-27 19:00:00+00:00,30.0,74,13.8,211,0.0,1002.7
CHE,Chennai,Tamil Nadu,2026-07-27 20:00:00+00:00,29.6,73,15.2,219,0.0,1002.1
CHE,Chennai,Tamil Nadu,2026-07-27 21:00:00+00:00,29.3,73,13.5,229,0.0,1001.9
CHE,Chennai,Tamil Nadu,2026-07-27 22:00:00+00:00,29.2,71,12.3,245,0.0,1001.5
CHE,Chennai,Tamil Nadu,2026-07-27 23:00:00+00:00,29.2,68,11.4,252,0.0,1001.8
CHE,Chennai,Tamil Nadu,2026-07-28 00:00:00+00:00,29.8,61,14.3,256,0.0,1002.0
CHE,Chennai,Tamil Nadu,2026-07-28 01:00:00+00:00,29.1,64,13.3,251,0.0,1002.7
CHE,Chennai,Tamil Nadu,2026-07-28 02:00:00+00:00,29.9,62,12.0,248,0.0,1003.4
CHE,Chennai,Tamil Nadu,2026-07-28 03:00:00+00:00,31.1,57,15.5,248,0.0,1003.9
CHE,Chennai,Tamil Nadu,2026-07-28 04:00:00+00:00,32.3,54,16.5,254,0.0,1003.8
CHE,Chennai,Tamil Nadu,2026-07-28 05:00:00+00:00,33.6,50,16.6,257,0.0,1003.7
CHE,Chennai,Tamil Nadu,2026-07-28 06:00:00+00:00,34.7,47,18.1,253,0.0,1003.1
CHE,Chennai,Tamil Nadu,2026-07-28 07:00:00+00:00,35.0,47,19.2,253,0.0,1002.6
CHE,Chennai,Tamil Nadu,2026-07-28 08:00:00+00:00,36.2,43,16.3,242,0.0,1001.7
CHE,Chennai,Tamil Nadu,2026-07-28 09:00:00+00:00,36.7,40,18.8,242,0.0,1000.2
CHE,Chennai,Tamil Nadu,2026-07-28 10:00:00+00:00,37.0,37,18.8,261,0.0,999.6
CHE,Chennai,Tamil Nadu,2026-07-28 11:00:00+00:00,37.0,38,10.1,223,0.0,999.1
CHE,Chennai,Tamil Nadu,2026-07-28 12:00:00+00:00,36.5,38,9.5,219,0.0,999.1
CHE,Chennai,Tamil Nadu,2026-07-28 13:00:00+00:00,34.7,49,9.2,184,0.0,999.9
CHE,Chennai,Tamil Nadu,2026-07-28 14:00:00+00:00,32.7,62,14.6,185,0.0,1000.7
CHE,Chennai,Tamil Nadu,2026-07-28 15:00:00+00:00,31.5,72,11.4,191,0.0,1001.9
CHE,Chennai,Tamil Nadu,2026-07-28 16:00:00+00:00,31.0,71,16.2,189,0.0,1002.2
CHE,Chennai,Tamil Nadu,2026-07-28 17:00:00+00:00,30.3,78,15.7,186,0.1,1003.0
CHE,Chennai,Tamil Nadu,2026-07-28 18:00:00+00:00,31.2,73,13.3,208,0.0,1002.1
CHE,Chennai,Tamil Nadu,2026-07-28 19:00:00+00:00,30.4,73,14.7,227,0.0,1001.9
CHE,Chennai,Tamil Nadu,2026-07-28 20:00:00+00:00,30.2,68,14.7,237,0.0,1001.9
CHE,Chennai,Tamil Nadu,2026-07-28 21:00:00+00:00,30.3,59,16.1,250,0.0,1001.5
CHE,Chennai,Tamil Nadu,2026-07-28 22:00:00+00:00,30.2,57,17.2,254,0.0,1001.1
CHE,Chennai,Tamil Nadu,2026-07-28 23:00:00+00:00,29.8,57,17.1,253,0.0,1001.3
CHE,Chennai,Tamil Nadu,2026-07-29 00:00:00+00:00,29.7,58,16.7,251,0.0,1001.2
CHE,Chennai,Tamil Nadu,2026-07-29 01:00:00+00:00,29.4,60,16.9,253,0.0,1001.8
CHE,Chennai,Tamil Nadu,2026-07-29 02:00:00+00:00,30.0,58,15.1,252,0.0,1002.7
CHE,Chennai,Tamil Nadu,2026-07-29 03:00:00+00:00,31.2,56,17.4,252,0.0,1002.9
CHE,Chennai,Tamil Nadu,2026-07-29 04:00:00+00:00,32.3,53,17.0,251,0.0,1003.0
CHE,Chennai,Tamil Nadu,2026-07-29 05:00:00+00:00,33.4,50,16.1,248,0.0,1002.6
CHE,Chennai,Tamil Nadu,2026-07-29 06:00:00+00:00,34.6,46,23.1,267,0.0,1002.2
CHE,Chennai,Tamil Nadu,2026-07-29 07:00:00+00:00,34.9,47,17.0,260,0.0,1001.8
CHE,Chennai,Tamil Nadu,2026-07-29 08:00:00+00:00,36.2,43,16.1,256,0.0,1000.7
CHE,Chennai,Tamil Nadu,2026-07-29 09:00:00+00:00,36.6,39,17.3,265,0.1,999.4
CHE,Chennai,Tamil Nadu,2026-07-29 10:00:00+00:00,36.9,38,13.0,256,0.1,998.7
CHE,Chennai,Tamil Nadu,2026-07-29 11:00:00+00:00,36.4,38,11.1,219,0.1,998.0
CHE,Chennai,Tamil Nadu,2026-07-29 12:00:00+00:00,35.2,46,13.6,192,0.5,998.5
CHE,Chennai,Tamil Nadu,2026-07-29 13:00:00+00:00,33.2,60,9.4,156,0.0,999.1
CHE,Chennai,Tamil Nadu,2026-07-29 14:00:00+00:00,32.4,66,9.5,155,0.1,999.7
CHE,Chennai,Tamil Nadu,2026-07-29 15:00:00+00:00,31.7,67,5.4,334,0.1,1001.0
CHE,Chennai,Tamil Nadu,2026-07-29 16:00:00+00:00,31.4,67,1.0,225,0.4,1002.0
CHE,Chennai,Tamil Nadu,2026-07-29 17:00:00+00:00,31.0,60,10.5,211,0.1,1002.2
CHE,Chennai,Tamil Nadu,2026-07-29 18:00:00+00:00,32.3,54,17.3,253,0.0,1001.5
CHE,Chennai,Tamil Nadu,2026-07-29 19:00:00+00:00,31.2,57,16.5,247,0.0,1001.3
CHE,Chennai,Tamil Nadu,2026-07-29 20:00:00+00:00,30.3,58,14.1,243,0.0,1000.4
CHE,Chennai,Tamil Nadu,2026-07-29 21:00:00+00:00,29.9,59,13.6,241,0.0,1000.1
CHE,Chennai,Tamil Nadu,2026-07-29 22:00:00+00:00,29.6,60,13.6,239,0.0,999.6
CHE,Chennai,Tamil Nadu,2026-07-29 23:00:00+00:00,29.4,60,14.2,237,0.0,999.6
CHE,Chennai,Tamil Nadu,2026-07-30 00:00:00+00:00,30.1,56,16.5,240,0.0,1000.0
CHE,Chennai,Tamil Nadu,2026-07-30 01:00:00+00:00,29.4,60,16.0,239,0.0,1000.1
CHE,Chennai,Tamil Nadu,2026-07-30 02:00:00+00:00,30.1,59,14.4,233,0.0,1000.5
CHE,Chennai,Tamil Nadu,2026-07-30 03:00:00+00:00,31.3,55,17.1,238,0.0,1000.8
CHE,Chennai,Tamil Nadu,2026-07-30 04:00:00+00:00,32.5,52,18.0,241,0.0,1000.9
CHE,Chennai,Tamil Nadu,2026-07-30 05:00:00+00:00,34.2,47,18.5,243,0.0,1001.0
CHE,Chennai,Tamil Nadu,2026-07-30 06:00:00+00:00,35.0,44,21.9,251,0.0,1000.7
CHE,Chennai,Tamil Nadu,2026-07-30 07:00:00+00:00,35.2,44,20.5,247,0.0,1000.6
CHE,Chennai,Tamil Nadu,2026-07-30 08:00:00+00:00,35.9,41,18.5,246,0.1,999.7
CHE,Chennai,Tamil Nadu,2026-07-30 09:00:00+00:00,36.7,38,17.9,244,0.1,998.3
CHE,Chennai,Tamil Nadu,2026-07-30 10:00:00+00:00,37.2,35,18.1,247,0.1,997.3
CHE,Chennai,Tamil Nadu,2026-07-30 11:00:00+00:00,36.3,38,16.4,216,0.0,996.9
CHE,Chennai,Tamil Nadu,2026-07-30 12:00:00+00:00,36.1,38,15.6,232,0.5,997.5
CHE,Chennai,Tamil Nadu,2026-07-30 13:00:00+00:00,34.2,47,11.8,192,0.0,998.1
CHE,Chennai,Tamil Nadu,2026-07-30 14:00:00+00:00,31.5,67,13.7,184,0.0,999.2
CHE,Chennai,Tamil Nadu,2026-07-30 15:00:00+00:00,30.9,72,13.6,191,0.3,1000.5
CHE,Chennai,Tamil Nadu,2026-07-30 16:00:00+00:00,30.7,73,11.7,189,0.0,1000.9
CHE,Chennai,Tamil Nadu,2026-07-30 17:00:00+00:00,30.3,74,11.1,196,0.0,1001.5
CHE,Chennai,Tamil Nadu,2026-07-30 18:00:00+00:00,30.9,65,15.6,207,0.0,1000.8
CHE,Chennai,Tamil Nadu,2026-07-30 19:00:00+00:00,29.4,69,12.3,210,0.0,1000.5
CHE,Chennai,Tamil Nadu,2026-07-30 20:00:00+00:00,28.7,74,10.0,206,0.0,1000.0
CHE,Chennai,Tamil Nadu,2026-07-30 21:00:00+00:00,28.5,78,10.1,209,0.0,999.7
CHE,Chennai,Tamil Nadu,2026-07-30 22:00:00+00:00,28.5,78,9.5,212,0.0,999.6
CHE,Chennai,Tamil Nadu,2026-07-30 23:00:00+00:00,28.2,77,8.9,214,0.0,999.8
CHE,Chennai,Tamil Nadu,2026-07-31 00:00:00+00:00,28.9,69,12.2,234,0.0,1000.1
CHE,Chennai,Tamil Nadu,2026-07-31 01:00:00+00:00,28.6,69,11.5,228,0.0,1000.7
CHE,Chennai,Tamil Nadu,2026-07-31 02:00:00+00:00,29.7,67,8.0,218,0.0,1001.4
CHE,Chennai,Tamil Nadu,2026-07-31 03:00:00+00:00,31.3,59,10.7,224,0.0,1002.0
CHE,Chennai,Tamil Nadu,2026-07-31 04:00:00+00:00,32.7,54,15.1,229,0.0,1002.0
CHE,Chennai,Tamil Nadu,2026-07-31 05:00:00+00:00,33.9,50,15.2,223,0.0,1001.7
CHE,Chennai,Tamil Nadu,2026-07-31 06:00:00+00:00,35.8,43,20.1,249,0.0,1001.2
CHE,Chennai,Tamil Nadu,2026-07-31 07:00:00+00:00,36.3,42,16.6,246,0.0,1000.7
CHE,Chennai,Tamil Nadu,2026-07-31 08:00:00+00:00,36.6,41,12.1,215,0.0,999.9
CHE,Chennai,Tamil Nadu,2026-07-31 09:00:00+00:00,35.7,46,12.5,187,0.0,998.9
CHE,Chennai,Tamil Nadu,2026-07-31 10:00:00+00:00,33.8,59,15.6,166,0.0,998.1
CHE,Chennai,Tamil Nadu,2026-07-31 11:00:00+00:00,32.8,55,19.4,165,0.1,998.0
CHE,Chennai,Tamil Nadu,2026-07-31 12:00:00+00:00,32.6,66,13.9,161,0.6,998.7
CHE,Chennai,Tamil Nadu,2026-07-31 13:00:00+00:00,32.1,67,15.0,176,0.0,999.7
CHE,Chennai,Tamil Nadu,2026-07-31 14:00:00+00:00,30.6,75,15.9,175,0.0,1000.5
CHE,Chennai,Tamil Nadu,2026-07-31 15:00:00+00:00,30.5,74,17.5,189,0.0,1001.6
CHE,Chennai,Tamil Nadu,2026-07-31 16:00:00+00:00,30.6,71,15.2,193,0.0,1002.5
CHE,Chennai,Tamil Nadu,2026-07-31 17:00:00+00:00,30.3,71,14.9,202,0.0,1003.2
CHE,Chennai,Tamil Nadu,2026-07-31 18:00:00+00:00,29.6,72,16.3,193,0.1,1002.3
CHE,Chennai,Tamil Nadu,2026-07-31 19:00:00+00:00,28.7,76,12.3,201,0.0,1001.7
CHE,Chennai,Tamil Nadu,2026-07-31 20:00:00+00:00,28.8,76,14.2,210,0.0,1001.2
CHE,Chennai,Tamil Nadu,2026-07-31 21:00:00+00:00,28.8,77,12.6,209,0.0,1001.0
CHE,Chennai,Tamil Nadu,2026-07-31 22:00:00+00:00,28.7,77,11.0,212,0.0,1001.3
CHE,Chennai,Tamil Nadu,2026-07-31 23:00:00+00:00,28.6,75,10.4,212,0.0,1001.7
CHE,Chennai,Tamil Nadu,2026-08-01 00:00:00+00:00,28.9,69,13.1,224,0.0,1001.8
CHE,Chennai,Tamil Nadu,2026-08-01 01:00:00+00:00,28.5,71,10.1,241,0.0,1002.3
CHE,Chennai,Tamil Nadu,2026-08-01 02:00:00+00:00,29.4,72,7.3,239,0.0,1003.0
CHE,Chennai,Tamil Nadu,2026-08-01 03:00:00+00:00,30.6,67,7.9,225,0.0,1003.2
CHE,Chennai,Tamil Nadu,2026-08-01 04:00:00+00:00,32.1,59,11.1,253,0.0,1003.4
CHE,Chennai,Tamil Nadu,2026-08-01 05:00:00+00:00,33.2,56,11.5,256,0.0,1003.2
CHE,Chennai,Tamil Nadu,2026-08-01 06:00:00+00:00,34.2,52,9.5,260,0.0,1002.1
CHE,Chennai,Tamil Nadu,2026-08-01 07:00:00+00:00,35.4,48,8.5,264,0.2,1001.9
CHE,Chennai,Tamil Nadu,2026-08-01 08:00:00+00:00,35.5,50,5.2,248,0.2,1001.4
CHE,Chennai,Tamil Nadu,2026-08-01 09:00:00+00:00,35.0,51,6.7,164,0.1,1000.3
CHE,Chennai,Tamil Nadu,2026-08-01 10:00:00+00:00,30.7,69,14.0,131,1.1,1000.6
CHE,Chennai,Tamil Nadu,2026-08-01 11:00:00+00:00,30.0,72,8.6,188,1.6,1000.7
CHE,Chennai,Tamil Nadu,2026-08-01 12:00:00+00:00,31.7,74,7.0,125,0.3,1001.1
CHE,Chennai,Tamil Nadu,2026-08-01 13:00:00+00:00,30.8,78,11.0,116,0.0,1001.2
CHE,Chennai,Tamil Nadu,2026-08-01 14:00:00+00:00,30.1,79,11.3,121,0.0,1002.1
CHE,Chennai,Tamil Nadu,2026-08-01 15:00:00+00:00,30.1,76,13.2,158,0.0,1003.4
CHE,Chennai,Tamil Nadu,2026-08-01 16:00:00+00:00,27.0,94,11.6,234,3.6,1005.3
CHE,Chennai,Tamil Nadu,2026-08-01 17:00:00+00:00,27.3,93,6.6,213,0.8,1005.4
CHE,Chennai,Tamil Nadu,2026-08-01 18:00:00+00:00,26.4,90,20.7,260,0.3,1004.8
CHE,Chennai,Tamil Nadu,2026-08-01 19:00:00+00:00,26.0,89,18.6,266,0.8,1004.4
CHE,Chennai,Tamil Nadu,2026-08-01 20:00:00+00:00,26.5,83,15.2,277,0.2,1003.6
CHE,Chennai,Tamil Nadu,2026-08-01 21:00:00+00:00,26.5,84,11.8,277,0.0,1003.2
CHE,Chennai,Tamil Nadu,2026-08-01 22:00:00+00:00,26.5,85,11.0,273,0.0,1003.1
CHE,Chennai,Tamil Nadu,2026-08-01 23:00:00+00:00,26.5,86,9.6,262,0.0,1003.6
CHE,Chennai,Tamil Nadu,2026-08-02 00:00:00+00:00,27.8,82,10.3,234,0.0,1003.8
CHE,Chennai,Tamil Nadu,2026-08-02 01:00:00+00:00,27.8,81,10.1,248,0.0,1004.5
CHE,Chennai,Tamil Nadu,2026-08-02 02:00:00+00:00,28.9,79,9.1,256,0.0,1005.3
CHE,Chennai,Tamil Nadu,2026-08-02 03:00:00+00:00,30.1,72,9.9,258,0.1,1005.3
CHE,Chennai,Tamil Nadu,2026-08-02 04:00:00+00:00,31.4,66,9.4,271,0.0,1005.3
CHE,Chennai,Tamil Nadu,2026-08-02 05:00:00+00:00,32.5,62,10.3,282,0.0,1004.9
CHE,Chennai,Tamil Nadu,2026-08-02 06:00:00+00:00,33.0,59,11.0,275,0.0,1004.5
CHE,Chennai,Tamil Nadu,2026-08-02 07:00:00+00:00,33.9,56,10.9,282,0.0,1003.9
CHE,Chennai,Tamil Nadu,2026-08-02 08:00:00+00:00,34.6,52,9.7,289,0.1,1003.3
CHE,Chennai,Tamil Nadu,2026-08-02 09:00:00+00:00,34.1,54,6.1,2,0.0,1002.2
CHE,Chennai,Tamil Nadu,2026-08-02 10:00:00+00:00,29.6,77,5.3,305,3.2,1002.8
CHE,Chennai,Tamil Nadu,2026-08-02 11:00:00+00:00,30.0,76,4.3,358,1.4,1001.6
CHE,Chennai,Tamil Nadu,2026-08-02 12:00:00+00:00,30.4,77,5.0,154,0.1,1001.4
CHE,Chennai,Tamil Nadu,2026-08-02 13:00:00+00:00,30.3,73,8.1,184,0.0,1002.5
CHE,Chennai,Tamil Nadu,2026-08-02 14:00:00+00:00,29.8,74,9.5,171,0.0,1003.1
CHE,Chennai,Tamil Nadu,2026-08-02 15:00:00+00:00,29.8,76,9.7,169,0.0,1003.7
CHE,Chennai,Tamil Nadu,2026-08-02 16:00:00+00:00,29.4,78,8.7,188,0.0,1004.8
CHE,Chennai,Tamil Nadu,2026-08-02 17:00:00+00:00,29.1,77,9.8,216,0.0,1005.4
CHE,Chennai,Tamil Nadu,2026-08-02 18:00:00+00:00,30.4,77,15.9,194,0.3,1004.8
CHE,Chennai,Tamil Nadu,2026-08-02 19:00:00+00:00,28.0,82,10.6,316,0.1,1004.8
CHE,Chennai,Tamil Nadu,2026-08-02 20:00:00+00:00,26.9,86,11.3,316,0.0,1004.3
CHE,Chennai,Tamil Nadu,2026-08-02 21:00:00+00:00,26.9,83,8.2,284,0.0,1003.9
CHE,Chennai,Tamil Nadu,2026-08-02 22:00:00+00:00,27.0,82,9.6,284,0.0,1004.0
CHE,Chennai,Tamil Nadu,2026-08-02 23:00:00+00:00,26.9,79,10.9,308,0.0,1004.3
CHE,Chennai,Tamil Nadu,2026-08-03 00:00:00+00:00,27.0,83,8.2,346,0.0,1004.1
CHE,Chennai,Tamil Nadu,2026-08-03 01:00:00+00:00,26.5,86,6.4,8,0.2,1005.2
CHE,Chennai,Tamil Nadu,2026-08-03 02:00:00+00:00,26.9,87,5.6,268,0.3,1005.6
CHE,Chennai,Tamil Nadu,2026-08-03 03:00:00+00:00,27.8,87,4.9,280,0.3,1005.9
CHE,Chennai,Tamil Nadu,2026-08-03 04:00:00+00:00,28.9,79,6.3,272,0.4,1006.2
CHE,Chennai,Tamil Nadu,2026-08-03 05:00:00+00:00,30.9,68,8.4,277,0.1,1006.2
CHE,Chennai,Tamil Nadu,2026-08-03 06:00:00+00:00,32.6,61,7.3,287,0.0,1005.9
CHE,Chennai,Tamil Nadu,2026-08-03 07:00:00+00:00,33.6,59,6.9,303,0.1,1005.5
CHE,Chennai,Tamil Nadu,2026-08-03 08:00:00+00:00,33.7,58,3.6,340,0.1,1004.4
CHE,Chennai,Tamil Nadu,2026-08-03 09:00:00+00:00,33.0,63,4.5,90,0.1,1003.4
CHE,Chennai,Tamil Nadu,2026-08-03 10:00:00+00:00,29.8,80,8.5,115,1.9,1003.1
CHE,Chennai,Tamil Nadu,2026-08-03 11:00:00+00:00,30.3,78,6.7,182,1.5,1002.5
CHE,Chennai,Tamil Nadu,2026-08-03 12:00:00+00:00,31.8,66,8.5,142,0.3,1002.5
CHE,Chennai,Tamil Nadu,2026-08-03 13:00:00+00:00,31.4,67,9.0,167,0.0,1003.2
CHE,Chennai,Tamil Nadu,2026-08-03 14:00:00+00:00,31.1,67,8.1,181,0.0,1004.1
CHE,Chennai,Tamil Nadu,2026-08-03 15:00:00+00:00,30.7,69,5.7,191,0.0,1005.1
CHE,Chennai,Tamil Nadu,2026-08-03 16:00:00+00:00,30.4,70,6.5,210,0.0,1005.4
CHE,Chennai,Tamil Nadu,2026-08-03 17:00:00+00:00,30.1,71,7.5,233,0.0,1005.9
CHE,Chennai,Tamil Nadu,2026-08-03 18:00:00+00:00,30.4,71,10.9,209,0.0,1005.6
CHE,Chennai,Tamil Nadu,2026-08-03 19:00:00+00:00,29.4,74,13.4,226,0.0,1004.9
CHE,Chennai,Tamil Nadu,2026-08-03 20:00:00+00:00,28.8,72,13.1,243,0.1,1005.2
CHE,Chennai,Tamil Nadu,2026-08-03 21:00:00+00:00,28.5,73,12.4,260,0.0,1004.7
CHE,Chennai,Tamil Nadu,2026-08-03 22:00:00+00:00,28.0,75,8.7,277,0.0,1004.7
CHE,Chennai,Tamil Nadu,2026-08-03 23:00:00+00:00,27.8,74,9.9,275,0.0,1004.8
CHE,Chennai,Tamil Nadu,2026-08-04 00:00:00+00:00,28.4,73,13.7,274,0.0,1004.4
CHE,Chennai,Tamil Nadu,2026-08-04 01:00:00+00:00,28.1,74,12.6,275,0.0,1004.7
CHE,Chennai,Tamil Nadu,2026-08-04 02:00:00+00:00,29.0,72,11.4,277,0.0,1005.3
CHE,Chennai,Tamil Nadu,2026-08-04 03:00:00+00:00,30.3,65,13.1,279,0.0,1005.6
CHE,Chennai,Tamil Nadu,2026-08-04 04:00:00+00:00,31.6,60,11.5,292,0.0,1006.2
CHE,Chennai,Tamil Nadu,2026-08-04 05:00:00+00:00,32.7,57,9.5,306,0.0,1006.4
CHE,Chennai,Tamil Nadu,2026-08-04 06:00:00+00:00,33.8,55,10.1,305,0.0,1006.5
CHE,Chennai,Tamil Nadu,2026-08-04 07:00:00+00:00,34.2,54,6.4,335,0.0,1005.8
CHE,Chennai,Tamil Nadu,2026-08-04 08:00:00+00:00,33.2,59,6.0,81,0.0,1004.9
CHE,Chennai,Tamil Nadu,2026-08-04 09:00:00+00:00,32.3,65,6.9,83,0.5,1003.8
CHE,Chennai,Tamil Nadu,2026-08-04 10:00:00+00:00,31.1,67,8.4,332,1.5,1003.4
CHE,Chennai,Tamil Nadu,2026-08-04 11:00:00+00:00,30.9,68,2.7,138,0.8,1002.6
CHE,Chennai,Tamil Nadu,2026-08-04 12:00:00+00:00,31.5,65,11.6,138,0.2,1003.0
CHE,Chennai,Tamil Nadu,2026-08-04 13:00:00+00:00,30.3,68,9.6,154,0.0,1003.2
CHE,Chennai,Tamil Nadu,2026-08-04 14:00:00+00:00,29.5,75,11.0,170,0.0,1004.0
CHE,Chennai,Tamil Nadu,2026-08-04 15:00:00+00:00,29.6,76,11.6,175,0.0,1005.2
CHE,Chennai,Tamil Nadu,2026-08-04 16:00:00+00:00,29.7,75,10.3,184,0.0,1005.5
CHE,Chennai,Tamil Nadu,2026-08-04 17:00:00+00:00,26.3,91,19.7,241,1.7,1007.0
CHE,Chennai,Tamil Nadu,2026-08-04 18:00:00+00:00,29.0,77,10.0,234,1.4,1006.1
CHE,Chennai,Tamil Nadu,2026-08-04 19:00:00+00:00,27.8,83,8.9,234,0.0,1005.5
CHE,Chennai,Tamil Nadu,2026-08-04 20:00:00+00:00,26.2,87,14.3,285,1.0,1005.8
CHE,Chennai,Tamil Nadu,2026-08-04 21:00:00+00:00,25.2,93,14.0,254,1.1,1004.7
CHE,Chennai,Tamil Nadu,2026-08-04 22:00:00+00:00,25.2,92,11.6,251,0.2,1004.0
CHE,Chennai,Tamil Nadu,2026-08-04 23:00:00+00:00,25.5,91,10.8,249,0.0,1004.3
CHE,Chennai,Tamil Nadu,2026-08-05 00:00:00+00:00,26.6,87,11.8,243,0.0,1004.9
CHE,Chennai,Tamil Nadu,2026-08-05 01:00:00+00:00,26.7,85,12.2,254,0.0,1004.8
CHE,Chennai,Tamil Nadu,2026-08-05 02:00:00+00:00,27.4,82,10.9,261,0.0,1005.3
CHE,Chennai,Tamil Nadu,2026-08-05 03:00:00+00:00,28.4,77,11.1,257,0.0,1005.5
CHE,Chennai,Tamil Nadu,2026-08-05 04:00:00+00:00,30.0,70,11.6,262,0.0,1005.5
CHE,Chennai,Tamil Nadu,2026-08-05 05:00:00+00:00,31.6,63,10.8,266,0.0,1005.0
CHE,Chennai,Tamil Nadu,2026-08-05 06:00:00+00:00,31.7,59,12.6,273,0.0,1004.2
CHE,Chennai,Tamil Nadu,2026-08-05 07:00:00+00:00,33.3,58,12.5,282,0.0,1003.3
CHE,Chennai,Tamil Nadu,2026-08-05 08:00:00+00:00,34.2,54,11.9,292,0.0,1002.2
CHE,Chennai,Tamil Nadu,2026-08-05 09:00:00+00:00,34.8,51,11.4,291,0.0,1001.2
CHE,Chennai,Tamil Nadu,2026-08-05 10:00:00+00:00,34.7,50,9.3,283,0.0,1000.9
CHE,Chennai,Tamil Nadu,2026-08-05 11:00:00+00:00,34.6,50,7.6,274,0.0,1000.3
CHE,Chennai,Tamil Nadu,2026-08-05 12:00:00+00:00,32.2,63,4.9,51,0.1,1001.4
CHE,Chennai,Tamil Nadu,2026-08-05 13:00:00+00:00,29.8,78,9.2,274,0.9,1002.5
CHE,Chennai,Tamil Nadu,2026-08-05 14:00:00+00:00,29.1,78,4.9,327,0.3,1003.1
CHE,Chennai,Tamil Nadu,2026-08-05 15:00:00+00:00,28.6,82,6.7,189,0.0,1004.0
CHE,Chennai,Tamil Nadu,2026-08-05 16:00:00+00:00,27.1,90,9.5,338,1.5,1005.7
CHE,Chennai,Tamil Nadu,2026-08-05 17:00:00+00:00,26.8,92,8.8,213,1.2,1005.8
CHE,Chennai,Tamil Nadu,2026-08-05 18:00:00+00:00,28.9,82,2.2,99,0.4,1004.9
CHE,Chennai,Tamil Nadu,2026-08-05 19:00:00+00:00,28.7,83,2.6,348,0.0,1004.6
CHE,Chennai,Tamil Nadu,2026-08-05 20:00:00+00:00,28.5,80,2.7,184,0.0,1004.4
CHE,Chennai,Tamil Nadu,2026-08-05 21:00:00+00:00,28.3,83,5.8,184,0.1,1003.9
CHE,Chennai,Tamil Nadu,2026-08-05 22:00:00+00:00,28.0,84,7.2,217,0.0,1003.7
CHE,Chennai,Tamil Nadu,2026-08-05 23:00:00+00:00,27.8,82,7.6,211,0.0,1003.9
CHE,Chennai,Tamil Nadu,2026-08-06 00:00:00+00:00,27.3,87,9.2,228,0.0,1003.6
CHE,Chennai,Tamil Nadu,2026-08-06 01:00:00+00:00,27.5,83,11.3,250,0.0,1004.0
CHE,Chennai,Tamil Nadu,2026-08-06 02:00:00+00:00,28.5,80,9.8,262,0.0,1004.5
CHE,Chennai,Tamil Nadu,2026-08-06 03:00:00+00:00,29.8,72,10.5,254,0.0,1004.9
CHE,Chennai,Tamil Nadu,2026-08-06 04:00:00+00:00,30.6,67,12.5,258,0.0,1004.9
CHE,Chennai,Tamil Nadu,2026-08-06 05:00:00+00:00,31.1,64,10.6,255,0.0,1005.0
CHE,Chennai,Tamil Nadu,2026-08-06 06:00:00+00:00,31.8,60,11.7,243,0.0,1004.7
CHE,Chennai,Tamil Nadu,2026-08-06 07:00:00+00:00,32.9,58,12.0,262,0.0,1003.8
CHE,Chennai,Tamil Nadu,2026-08-06 08:00:00+00:00,32.6,58,12.0,261,0.1,1002.9
CHE,Chennai,Tamil Nadu,2026-08-06 09:00:00+00:00,33.3,56,10.9,248,0.0,1002.0
CHE,Chennai,Tamil Nadu,2026-08-06 10:00:00+00:00,32.1,61,7.9,313,0.1,1001.9
CHE,Chennai,Tamil Nadu,2026-08-06 11:00:00+00:00,30.3,75,6.8,61,2.9,1001.4
CHE,Chennai,Tamil Nadu,2026-08-06 12:00:00+00:00,32.8,58,6.6,225,0.1,1001.5
CHE,Chennai,Tamil Nadu,2026-08-06 13:00:00+00:00,31.6,69,3.8,163,0.0,1002.6
CHE,Chennai,Tamil Nadu,2026-08-06 14:00:00+00:00,30.5,74,4.6,144,0.0,1003.1
CHE,Chennai,Tamil Nadu,2026-08-06 15:00:00+00:00,29.6,78,7.7,233,0.2,1004.0
CHE,Chennai,Tamil Nadu,2026-08-06 16:00:00+00:00,29.2,69,13.3,257,0.0,1005.1
CHE,Chennai,Tamil Nadu,2026-08-06 17:00:00+00:00,27.8,73,14.3,265,0.0,1005.5
CHE,Chennai,Tamil Nadu,2026-08-06 18:00:00+00:00,26.1,89,13.6,282,0.8,1005.3
CHE,Chennai,Tamil Nadu,2026-08-06 19:00:00+00:00,25.6,94,12.2,262,1.9,1004.2
CHE,Chennai,Tamil Nadu,2026-08-06 20:00:00+00:00,25.9,94,8.6,255,1.2,1003.9
CHE,Chennai,Tamil Nadu,2026-08-06 21:00:00+00:00,26.1,93,8.2,260,0.0,1003.1
CHE,Chennai,Tamil Nadu,2026-08-06 22:00:00+00:00,26.3,93,7.9,257,0.0,1002.8
CHE,Chennai,Tamil Nadu,2026-08-06 23:00:00+00:00,26.4,91,8.9,243,0.0,1002.7
CHE,Chennai,Tamil Nadu,2026-08-07 00:00:00+00:00,27.1,80,10.7,248,0.0,1002.9
CHE,Chennai,Tamil Nadu,2026-08-07 01:00:00+00:00,26.9,81,11.5,250,0.1,1003.3
CHE,Chennai,Tamil Nadu,2026-08-07 02:00:00+00:00,27.6,80,10.0,249,0.0,1004.1
CHE,Chennai,Tamil Nadu,2026-08-07 03:00:00+00:00,29.1,73,11.6,252,0.0,1004.4
CHE,Chennai,Tamil Nadu,2026-08-07 04:00:00+00:00,29.9,69,11.2,258,0.0,1004.7
CHE,Chennai,Tamil Nadu,2026-08-07 05:00:00+00:00,30.8,65,9.9,255,0.0,1004.2
CHE,Chennai,Tamil Nadu,2026-08-07 06:00:00+00:00,31.1,60,15.0,276,0.0,1003.9
CHE,Chennai,Tamil Nadu,2026-08-07 07:00:00+00:00,31.5,59,12.8,271,0.0,1003.5
CHE,Chennai,Tamil Nadu,2026-08-07 08:00:00+00:00,31.8,58,10.7,265,0.0,1003.0
CHE,Chennai,Tamil Nadu,2026-08-07 09:00:00+00:00,32.9,55,9.0,267,0.0,1001.5
CHE,Chennai,Tamil Nadu,2026-08-07 10:00:00+00:00,28.8,80,11.1,301,2.3,1002.3
CHE,Chennai,Tamil Nadu,2026-08-07 11:00:00+00:00,29.1,76,10.5,232,0.1,1001.7
CHE,Chennai,Tamil Nadu,2026-08-07 12:00:00+00:00,30.6,71,2.9,240,0.0,1001.1
CHE,Chennai,Tamil Nadu,2026-08-07 13:00:00+00:00,29.0,82,8.2,199,0.0,1002.6
CHE,Chennai,Tamil Nadu,2026-08-07 14:00:00+00:00,28.6,83,8.3,204,0.0,1003.1
CHE,Chennai,Tamil Nadu,2026-08-07 15:00:00+00:00,28.8,80,10.6,226,0.0,1003.9
CHE,Chennai,Tamil Nadu,2026-08-07 16:00:00+00:00,28.5,76,11.5,236,0.0,1004.6
CHE,Chennai,Tamil Nadu,2026-08-07 17:00:00+00:00,28.0,76,12.0,237,0.0,1004.8
CHE,Chennai,Tamil Nadu,2026-08-07 18:00:00+00:00,28.2,74,14.3,236,0.0,1004.2
CHE,Chennai,Tamil Nadu,2026-08-07 19:00:00+00:00,27.8,74,16.1,243,0.0,1003.6
CHE,Chennai,Tamil Nadu,2026-08-07 20:00:00+00:00,27.5,74,16.6,247,0.0,1002.8
CHE,Chennai,Tamil Nadu,2026-08-07 21:00:00+00:00,27.4,73,16.2,253,0.0,1002.2
CHE,Chennai,Tamil Nadu,2026-08-07 22:00:00+00:00,27.2,74,13.8,253,0.0,1002.0
CHE,Chennai,Tamil Nadu,2026-08-07 23:00:00+00:00,27.1,75,11.8,250,0.0,1002.1
CHE,Chennai,Tamil Nadu,2026-08-08 00:00:00+00:00,27.8,74,11.9,252,0.0,1002.4
CHE,Chennai,Tamil Nadu,2026-08-08 01:00:00+00:00,27.7,74,10.6,256,0.0,1002.8
CHE,Chennai,Tamil Nadu,2026-08-08 02:00:00+00:00,28.9,73,8.7,253,0.0,1003.8
CHE,Chennai,Tamil Nadu,2026-08-08 03:00:00+00:00,30.4,65,10.9,263,0.0,1004.3
CHE,Chennai,Tamil Nadu,2026-08-08 04:00:00+00:00,31.2,60,12.8,270,0.0,1004.7
CHE,Chennai,Tamil Nadu,2026-08-08 05:00:00+00:00,31.9,59,12.6,272,0.0,1004.6
CHE,Chennai,Tamil Nadu,2026-08-08 06:00:00+00:00,32.9,55,12.1,280,0.0,1004.3
CHE,Chennai,Tamil Nadu,2026-08-08 07:00:00+00:00,33.8,53,11.2,280,0.0,1003.5
CHE,Chennai,Tamil Nadu,2026-08-08 08:00:00+00:00,34.6,50,10.3,281,0.0,1002.8
CHE,Chennai,Tamil Nadu,2026-08-08 09:00:00+00:00,34.4,50,3.0,343,0.0,1001.7
CHE,Chennai,Tamil Nadu,2026-08-08 10:00:00+00:00,28.9,78,7.5,217,3.7,1002.2
CHE,Chennai,Tamil Nadu,2026-08-08 11:00:00+00:00,29.4,74,3.5,152,0.3,1002.0
CHE,Chennai,Tamil Nadu,2026-08-08 12:00:00+00:00,28.7,77,3.0,73,0.0,1001.7
CHE,Chennai,Tamil Nadu,2026-08-08 13:00:00+00:00,29.0,75,5.6,147,0.0,1002.8
CHE,Chennai,Tamil Nadu,2026-08-08 14:00:00+00:00,28.8,76,7.0,159,0.0,1003.3
CHE,Chennai,Tamil Nadu,2026-08-08 15:00:00+00:00,28.6,79,7.4,158,0.0,1004.4
CHE,Chennai,Tamil Nadu,2026-08-08 16:00:00+00:00,28.3,81,5.0,218,0.0,1005.4
CHE,Chennai,Tamil Nadu,2026-08-08 17:00:00+00:00,27.8,83,7.4,276,0.1,1006.1
CHE,Chennai,Tamil Nadu,2026-08-08 18:00:00+00:00,27.4,79,14.3,236,0.0,1004.8
CHE,Chennai,Tamil Nadu,2026-08-08 19:00:00+00:00,27.1,78,11.5,240,0.0,1004.8
CHE,Chennai,Tamil Nadu,2026-08-08 20:00:00+00:00,26.9,78,11.1,245,0.0,1004.5
CHE,Chennai,Tamil Nadu,2026-08-08 21:00:00+00:00,26.8,78,10.7,253,0.0,1004.0
CHE,Chennai,Tamil Nadu,2026-08-08 22:00:00+00:00,26.6,79,9.4,240,0.0,1003.8
CHE,Chennai,Tamil Nadu,2026-08-08 23:00:00+00:00,26.5,81,10.3,235,0.0,1003.8
CHE,Chennai,Tamil Nadu,2026-08-09 00:00:00+00:00,27.3,78,12.4,239,0.0,1004.0
CHE,Chennai,Tamil Nadu,2026-08-09 01:00:00+00:00,27.3,77,11.7,239,0.0,1004.5
CHE,Chennai,Tamil Nadu,2026-08-09 02:00:00+00:00,28.4,73,10.2,247,0.0,1005.4
CHE,Chennai,Tamil Nadu,2026-08-09 03:00:00+00:00,29.9,68,11.3,253,0.0,1005.6
CHE,Chennai,Tamil Nadu,2026-08-09 04:00:00+00:00,31.3,61,11.9,273,0.0,1005.9
CHE,Chennai,Tamil Nadu,2026-08-09 05:00:00+00:00,32.3,58,11.5,284,0.0,1005.4
CHE,Chennai,Tamil Nadu,2026-08-09 06:00:00+00:00,33.4,55,10.9,306,0.0,1005.4
CHE,Chennai,Tamil Nadu,2026-08-09 07:00:00+00:00,34.0,54,7.4,315,0.0,1004.6
CHE,Chennai,Tamil Nadu,2026-08-09 08:00:00+00:00,34.1,55,1.7,18,0.0,1003.7
CHE,Chennai,Tamil Nadu,2026-08-09 09:00:00+00:00,32.2,62,6.1,104,0.0,1002.8
CHE,Chennai,Tamil Nadu,2026-08-09 10:00:00+00:00,28.5,78,8.4,190,4.7,1003.4
CHE,Chennai,Tamil Nadu,2026-08-09 11:00:00+00:00,28.2,80,5.4,132,1.5,1002.7
CHE,Chennai,Tamil Nadu,2026-08-09 12:00:00+00:00,30.0,70,16.2,183,0.0,1002.9
CHE,Chennai,Tamil Nadu,2026-08-09 13:00:00+00:00,29.4,75,2.5,111,0.0,1003.4
CHE,Chennai,Tamil Nadu,2026-08-09 14:00:00+00:00,29.1,74,7.4,166,0.0,1004.3
CHE,Chennai,Tamil Nadu,2026-08-09 15:00:00+00:00,28.7,79,10.1,178,0.0,1005.2
CHE,Chennai,Tamil Nadu,2026-08-09 16:00:00+00:00,28.7,80,10.6,176,0.0,1005.8
CHE,Chennai,Tamil Nadu,2026-08-09 17:00:00+00:00,28.8,82,10.3,195,0.0,1006.1
CHE,Chennai,Tamil Nadu,2026-08-09 18:00:00+00:00,29.5,84,11.8,197,0.0,1005.8
CHE,Chennai,Tamil Nadu,2026-08-09 19:00:00+00:00,29.0,80,14.5,227,0.0,1005.5
CHE,Chennai,Tamil Nadu,2026-08-09 20:00:00+00:00,27.8,80,12.4,234,0.0,1005.0
CHE,Chennai,Tamil Nadu,2026-08-09 21:00:00+00:00,27.4,81,11.7,226,0.0,1004.3
CHE,Chennai,Tamil Nadu,2026-08-09 22:00:00+00:00,27.3,82,11.6,227,0.0,1003.9
CHE,Chennai,Tamil Nadu,2026-08-09 23:00:00+00:00,27.3,82,11.6,231,0.0,1003.7
CHE,Chennai,Tamil Nadu,2026-08-10 00:00:00+00:00,27.9,79,11.5,228,0.0,1003.9
CHE,Chennai,Tamil Nadu,2026-08-10 01:00:00+00:00,27.8,78,11.1,236,0.0,1004.5
CHE,Chennai,Tamil Nadu,2026-08-10 02:00:00+00:00,29.1,73,10.2,242,0.0,1005.0
CHE,Chennai,Tamil Nadu,2026-08-10 03:00:00+00:00,30.7,64,12.7,252,0.0,1005.2
CHE,Chennai,Tamil Nadu,2026-08-10 04:00:00+00:00,32.0,58,13.6,263,0.0,1005.3
CHE,Chennai,Tamil Nadu,2026-08-10 05:00:00+00:00,33.3,54,11.0,272,0.0,1005.1
CHE,Chennai,Tamil Nadu,2026-08-10 06:00:00+00:00,34.6,49,8.9,295,0.0,1004.5
CHE,Chennai,Tamil Nadu,2026-08-10 07:00:00+00:00,35.1,46,5.3,315,0.1,1003.9
CHE,Chennai,Tamil Nadu,2026-08-10 08:00:00+00:00,35.3,45,0.4,90,0.2,1002.9
CHE,Chennai,Tamil Nadu,2026-08-10 09:00:00+00:00,34.8,46,4.4,111,0.4,1001.7
CHE,Chennai,Tamil Nadu,2026-08-10 10:00:00+00:00,32.7,60,12.0,118,0.5,1001.9
CHE,Chennai,Tamil Nadu,2026-08-10 11:00:00+00:00,31.3,68,14.5,131,0.4,1001.6
CHE,Chennai,Tamil Nadu,2026-08-10 12:00:00+00:00,31.1,73,9.7,152,0.2,1002.1
CHE,Chennai,Tamil Nadu,2026-08-10 13:00:00+00:00,30.5,76,10.8,169,0.2,1002.7
CHE,Chennai,Tamil Nadu,2026-08-10 14:00:00+00:00,30.0,78,9.0,185,0.2,1003.1
CHE,Chennai,Tamil Nadu,2026-08-10 15:00:00+00:00,29.9,77,9.4,177,0.0,1004.1
CHE,Chennai,Tamil Nadu,2026-08-10 16:00:00+00:00,29.6,79,10.4,189,0.0,1005.0
CHE,Chennai,Tamil Nadu,2026-08-10 17:00:00+00:00,28.9,82,15.7,211,0.0,1005.7
CHE,Chennai,Tamil Nadu,2026-08-10 18:00:00+00:00,28.1,85,17.3,211,0.0,1005.5
CHE,Chennai,Tamil Nadu,2026-08-10 19:00:00+00:00,26.0,95,13.9,251,5.7,1005.7
CHE,Chennai,Tamil Nadu,2026-08-10 20:00:00+00:00,26.0,95,11.4,252,1.5,1004.2
CHE,Chennai,Tamil Nadu,2026-08-10 21:00:00+00:00,26.2,95,9.4,259,0.2,1003.6
CHE,Chennai,Tamil Nadu,2026-08-10 22:00:00+00:00,26.1,94,11.6,255,0.0,1003.2
CHE,Chennai,Tamil Nadu,2026-08-10 23:00:00+00:00,26.1,91,11.9,247,0.0,1003.4
CHE,Chennai,Tamil Nadu,2026-08-11 00:00:00+00:00,26.3,90,8.1,233,0.0,1003.9
CHE,Chennai,Tamil Nadu,2026-08-11 01:00:00+00:00,26.5,90,7.8,244,0.0,1004.1
CHE,Chennai,Tamil Nadu,2026-08-11 02:00:00+00:00,27.6,86,6.9,245,0.0,1004.5
CHE,Chennai,Tamil Nadu,2026-08-11 03:00:00+00:00,29.1,80,7.7,239,0.0,1004.8
CHE,Chennai,Tamil Nadu,2026-08-11 04:00:00+00:00,30.8,70,9.2,247,0.0,1004.8
CHE,Chennai,Tamil Nadu,2026-08-11 05:00:00+00:00,32.2,61,9.8,264,0.0,1004.7
CHE,Chennai,Tamil Nadu,2026-08-11 06:00:00+00:00,32.3,60,8.8,268,0.0,1004.3
CHE,Chennai,Tamil Nadu,2026-08-11 07:00:00+00:00,33.6,56,10.0,277,0.0,1003.8
CHE,Chennai,Tamil Nadu,2026-08-11 08:00:00+00:00,34.5,53,8.6,271,0.0,1002.4
CHE,Chennai,Tamil Nadu,2026-08-11 09:00:00+00:00,35.0,51,6.9,265,0.0,1001.4
CHE,Chennai,Tamil Nadu,2026-08-11 10:00:00+00:00,34.8,50,5.3,208,0.0,1000.9
CHE,Chennai,Tamil Nadu,2026-08-11 11:00:00+00:00,31.8,72,10.3,155,0.3,1000.9
CHE,Chennai,Tamil Nadu,2026-08-11 12:00:00+00:00,31.0,75,10.9,140,0.4,1001.6
CHE,Chennai,Tamil Nadu,2026-08-11 13:00:00+00:00,28.0,87,13.7,181,1.0,1003.2
CHE,Chennai,Tamil Nadu,2026-08-11 14:00:00+00:00,28.1,83,13.0,152,0.2,1003.0
CHE,Chennai,Tamil Nadu,2026-08-11 15:00:00+00:00,28.8,84,11.6,159,0.0,1004.1
CHE,Chennai,Tamil Nadu,2026-08-11 16:00:00+00:00,29.2,81,13.4,175,0.0,1005.0
CHE,Chennai,Tamil Nadu,2026-08-11 17:00:00+00:00,29.1,85,13.6,192,0.0,1005.5
CHE,Chennai,Tamil Nadu,2026-08-11 18:00:00+00:00,29.4,83,16.9,202,0.0,1005.4
CHE,Chennai,Tamil Nadu,2026-08-11 19:00:00+00:00,29.0,81,18.4,208,0.0,1004.8
CHE,Chennai,Tamil Nadu,2026-08-11 20:00:00+00:00,28.1,80,15.6,216,0.0,1004.0
CHE,Chennai,Tamil Nadu,2026-08-11 21:00:00+00:00,27.5,80,13.6,219,0.0,1003.5
CHE,Chennai,Tamil Nadu,2026-08-11 22:00:00+00:00,27.1,80,11.6,224,0.0,1003.5
CHE,Chennai,Tamil Nadu,2026-08-11 23:00:00+00:00,27.1,80,11.0,244,0.0,1004.0
CHE,Chennai,Tamil Nadu,2026-08-12 00:00:00+00:00,27.7,80,12.3,233,0.0,1004.1
CHE,Chennai,Tamil Nadu,2026-08-12 01:00:00+00:00,27.7,79,10.7,239,0.0,1004.6
CHE,Chennai,Tamil Nadu,2026-08-12 02:00:00+00:00,28.6,76,9.6,254,0.0,1005.6
CHE,Chennai,Tamil Nadu,2026-08-12 03:00:00+00:00,30.2,68,9.0,260,0.0,1006.0
CHE,Chennai,Tamil Nadu,2026-08-12 04:00:00+00:00,31.6,62,8.9,264,0.0,1005.8
CHE,Chennai,Tamil Nadu,2026-08-12 05:00:00+00:00,32.7,58,8.3,264,0.0,1005.7
CHE,Chennai,Tamil Nadu,2026-08-12 06:00:00+00:00,33.6,55,7.8,265,0.0,1005.2
CHE,Chennai,Tamil Nadu,2026-08-12 07:00:00+00:00,34.3,51,6.7,256,0.2,1004.8
CHE,Chennai,Tamil Nadu,2026-08-12 08:00:00+00:00,34.5,52,6.3,235,0.1,1004.0
CHE,Chennai,Tamil Nadu,2026-08-12 09:00:00+00:00,34.3,54,6.8,205,0.1,1003.1
CHE,Chennai,Tamil Nadu,2026-08-12 10:00:00+00:00,33.2,61,10.1,161,0.0,1003.2
CHE,Chennai,Tamil Nadu,2026-08-12 11:00:00+00:00,31.6,75,13.8,154,0.0,1002.9
CHE,Chennai,Tamil Nadu,2026-08-12 12:00:00+00:00,30.7,77,10.0,152,0.0,1003.6
CHE,Chennai,Tamil Nadu,2026-08-12 13:00:00+00:00,30.2,79,7.6,149,0.1,1004.2
CHE,Chennai,Tamil Nadu,2026-08-12 14:00:00+00:00,29.9,80,8.5,152,0.0,1004.8
CHE,Chennai,Tamil Nadu,2026-08-12 15:00:00+00:00,29.7,82,9.0,168,0.0,1005.8
CHE,Chennai,Tamil Nadu,2026-08-12 16:00:00+00:00,29.5,81,11.0,185,0.0,1006.8
CHE,Chennai,Tamil Nadu,2026-08-12 17:00:00+00:00,29.3,81,12.0,193,0.0,1007.3
CHE,Chennai,Tamil Nadu,2026-08-12 18:00:00+00:00,29.7,84,14.9,188,0.0,1006.9
CHE,Chennai,Tamil Nadu,2026-08-12 19:00:00+00:00,29.2,84,16.6,206,0.1,1006.4
CHE,Chennai,Tamil Nadu,2026-08-12 20:00:00+00:00,28.9,80,13.3,208,0.0,1005.7
CHE,Chennai,Tamil Nadu,2026-08-12 21:00:00+00:00,28.2,80,11.6,227,0.0,1005.4
CHE,Chennai,Tamil Nadu,2026-08-12 22:00:00+00:00,27.7,83,10.1,246,0.0,1005.5
CHE,Chennai,Tamil Nadu,2026-08-12 23:00:00+00:00,27.6,83,8.6,237,0.0,1005.6
CHE,Chennai,Tamil Nadu,2026-08-13 00:00:00+00:00,28.5,80,9.6,230,0.0,1005.8
CHE,Chennai,Tamil Nadu,2026-08-13 01:00:00+00:00,28.4,81,11.0,256,0.0,1006.4
CHE,Chennai,Tamil Nadu,2026-08-13 02:00:00+00:00,29.4,76,10.5,254,0.0,1006.9
CHE,Chennai,Tamil Nadu,2026-08-13 03:00:00+00:00,30.9,66,11.2,270,0.0,1007.3
CHE,Chennai,Tamil Nadu,2026-08-13 04:00:00+00:00,32.2,58,11.2,280,0.0,1007.4
CHE,Chennai,Tamil Nadu,2026-08-13 05:00:00+00:00,33.4,54,9.8,277,0.0,1007.3
CHE,Chennai,Tamil Nadu,2026-08-13 06:00:00+00:00,33.6,52,14.6,288,0.0,1007.3
CHE,Chennai,Tamil Nadu,2026-08-13 07:00:00+00:00,34.1,50,15.5,293,0.0,1006.1
CHE,Chennai,Tamil Nadu,2026-08-13 08:00:00+00:00,34.7,47,14.9,300,0.0,1005.4
CHE,Chennai,Tamil Nadu,2026-08-13 09:00:00+00:00,34.8,46,13.6,299,0.1,1004.3
CHE,Chennai,Tamil Nadu,2026-08-13 10:00:00+00:00,35.0,45,8.7,300,0.0,1003.8
CHE,Chennai,Tamil Nadu,2026-08-13 11:00:00+00:00,34.5,46,1.3,90,0.0,1003.2
CHE,Chennai,Tamil Nadu,2026-08-13 12:00:00+00:00,31.6,62,10.7,121,0.0,1004.1
CHE,Chennai,Tamil Nadu,2026-08-13 13:00:00+00:00,31.3,63,9.2,157,0.1,1004.7
CHE,Chennai,Tamil Nadu,2026-08-13 14:00:00+00:00,31.0,62,10.8,170,0.0,1005.6
CHE,Chennai,Tamil Nadu,2026-08-13 15:00:00+00:00,30.8,68,11.1,173,0.0,1006.5
CHE,Chennai,Tamil Nadu,2026-08-13 16:00:00+00:00,30.6,69,11.3,188,0.0,1007.1
CHE,Chennai,Tamil Nadu,2026-08-13 17:00:00+00:00,30.0,75,12.3,203,0.0,1007.5
CHE,Chennai,Tamil Nadu,2026-08-13 18:00:00+00:00,30.0,73,13.3,208,0.0,1006.6
CHE,Chennai,Tamil Nadu,2026-08-13 19:00:00+00:00,27.8,80,14.7,263,0.7,1006.9
CHE,Chennai,Tamil Nadu,2026-08-13 20:00:00+00:00,27.3,88,8.1,258,1.1,1006.3
CHE,Chennai,Tamil Nadu,2026-08-13 21:00:00+00:00,27.4,88,8.3,256,0.0,1005.8
CHE,Chennai,Tamil Nadu,2026-08-13 22:00:00+00:00,27.7,87,8.0,242,0.0,1005.6
CHE,Chennai,Tamil Nadu,2026-08-13 23:00:00+00:00,27.7,86,8.8,250,0.0,1005.9
CHE,Chennai,Tamil Nadu,2026-08-14 00:00:00+00:00,28.3,83,9.3,262,0.0,1005.7
CHE,Chennai,Tamil Nadu,2026-08-14 01:00:00+00:00,28.3,80,10.8,268,0.0,1006.3
CHE,Chennai,Tamil Nadu,2026-08-14 02:00:00+00:00,29.3,73,11.2,271,0.0,1007.0
CHE,Chennai,Tamil Nadu,2026-08-14 03:00:00+00:00,30.5,67,10.3,275,0.0,1007.0
CHE,Chennai,Tamil Nadu,2026-08-14 04:00:00+00:00,31.7,59,13.6,292,0.0,1007.1
CHE,Chennai,Tamil Nadu,2026-08-14 05:00:00+00:00,32.6,55,13.1,295,0.0,1006.8
CHE,Chennai,Tamil Nadu,2026-08-14 06:00:00+00:00,33.7,53,12.1,297,0.0,1006.1
CHE,Chennai,Tamil Nadu,2026-08-14 07:00:00+00:00,34.5,50,11.0,296,0.0,1005.7
CHE,Chennai,Tamil Nadu,2026-08-14 08:00:00+00:00,35.0,49,9.8,283,0.1,1004.7
CHE,Chennai,Tamil Nadu,2026-08-14 09:00:00+00:00,35.0,49,6.5,236,0.3,1003.8
CHE,Chennai,Tamil Nadu,2026-08-14 10:00:00+00:00,35.1,48,6.8,228,0.1,1003.3
CHE,Chennai,Tamil Nadu,2026-08-14 11:00:00+00:00,33.8,54,7.0,159,0.0,1002.9
CHE,Chennai,Tamil Nadu,2026-08-14 12:00:00+00:00,30.5,77,13.9,140,0.1,1003.7
CHE,Chennai,Tamil Nadu,2026-08-14 13:00:00+00:00,30.1,74,10.9,174,0.2,1004.4
CHE,Chennai,Tamil Nadu,2026-08-14 14:00:00+00:00,30.2,76,7.3,169,0.0,1004.8
CHE,Chennai,Tamil Nadu,2026-08-14 15:00:00+00:00,30.2,76,8.0,170,0.0,1005.4
CHE,Chennai,Tamil Nadu,2026-08-14 16:00:00+00:00,30.2,76,10.3,184,0.0,1006.2
CHE,Chennai,Tamil Nadu,2026-08-14 17:00:00+00:00,29.9,78,12.8,179,0.0,1006.3
CHE,Chennai,Tamil Nadu,2026-08-14 18:00:00+00:00,30.0,81,13.5,181,0.0,1005.7
CHE,Chennai,Tamil Nadu,2026-08-14 19:00:00+00:00,29.3,79,12.6,209,0.0,1005.0
CHE,Chennai,Tamil Nadu,2026-08-14 20:00:00+00:00,28.8,77,12.3,214,0.0,1005.1
CHE,Chennai,Tamil Nadu,2026-08-14 21:00:00+00:00,28.2,75,11.5,226,0.0,1005.6
CHE,Chennai,Tamil Nadu,2026-08-14 22:00:00+00:00,28.1,76,9.2,242,0.0,1005.3
CHE,Chennai,Tamil Nadu,2026-08-14 23:00:00+00:00,28.1,76,9.3,255,0.0,1005.5
CHE,Chennai,Tamil Nadu,2026-08-15 00:00:00+00:00,28.7,74,10.4,255,0.0,1005.5
CHE,Chennai,Tamil Nadu,2026-08-15 01:00:00+00:00,28.5,73,11.2,266,0.0,1006.0
CHE,Chennai,Tamil Nadu,2026-08-15 02:00:00+00:00,29.1,70,10.4,279,0.0,1006.8
CHE,Chennai,Tamil Nadu,2026-08-15 03:00:00+00:00,30.4,64,10.3,286,0.0,1006.9
CHE,Chennai,Tamil Nadu,2026-08-15 04:00:00+00:00,31.4,56,14.1,286,0.0,1007.2
CHE,Chennai,Tamil Nadu,2026-08-15 05:00:00+00:00,32.3,54,13.4,284,0.0,1007.0
CHE,Chennai,Tamil Nadu,2026-08-15 06:00:00+00:00,32.7,54,15.3,287,0.0,1006.6
CHE,Chennai,Tamil Nadu,2026-08-15 07:00:00+00:00,33.8,50,14.7,294,0.0,1006.1
CHE,Chennai,Tamil Nadu,2026-08-15 08:00:00+00:00,33.8,48,14.8,296,0.0,1005.1
CHE,Chennai,Tamil Nadu,2026-08-15 09:00:00+00:00,35.3,43,12.4,291,0.0,1004.0
CHE,Chennai,Tamil Nadu,2026-08-15 10:00:00+00:00,35.5,43,5.2,264,0.0,1003.6
CHE,Chennai,Tamil Nadu,2026-08-15 11:00:00+00:00,34.8,45,2.7,157,0.0,1003.0
CHE,Chennai,Tamil Nadu,2026-08-15 12:00:00+00:00,32.9,55,6.1,130,0.0,1003.9
CHE,Chennai,Tamil Nadu,2026-08-15 13:00:00+00:00,30.4,77,11.5,146,0.0,1004.2
CHE,Chennai,Tamil Nadu,2026-08-15 14:00:00+00:00,29.9,73,13.9,177,0.0,1005.1
CHE,Chennai,Tamil Nadu,2026-08-15 15:00:00+00:00,29.5,81,13.7,182,0.0,1005.9
CHE,Chennai,Tamil Nadu,2026-08-15 16:00:00+00:00,29.5,81,12.5,196,0.0,1006.8
CHE,Chennai,Tamil Nadu,2026-08-15 17:00:00+00:00,29.2,81,11.8,205,0.0,1007.0
CHE,Chennai,Tamil Nadu,2026-08-15 18:00:00+00:00,29.7,82,15.3,192,0.0,1006.1
CHE,Chennai,Tamil Nadu,2026-08-15 19:00:00+00:00,29.3,82,14.4,196,0.0,1005.3
CHE,Chennai,Tamil Nadu,2026-08-15 20:00:00+00:00,29.1,80,12.7,210,0.0,1005.0
CHE,Chennai,Tamil Nadu,2026-08-15 21:00:00+00:00,28.6,78,10.5,232,0.0,1004.8
CHE,Chennai,Tamil Nadu,2026-08-15 22:00:00+00:00,28.2,79,8.7,253,0.0,1004.8
CHE,Chennai,Tamil Nadu,2026-08-15 23:00:00+00:00,27.8,82,8.7,263,0.0,1005.0
CHE,Chennai,Tamil Nadu,2026-08-16 00:00:00+00:00,28.6,78,10.6,247,0.0,1005.1
CHE,Chennai,Tamil Nadu,2026-08-16 01:00:00+00:00,28.8,70,11.4,259,0.0,1005.5
CHE,Chennai,Tamil Nadu,2026-08-16 02:00:00+00:00,30.0,62,11.5,261,0.0,1006.2
CHE,Chennai,Tamil Nadu,2026-08-16 03:00:00+00:00,31.4,57,14.1,264,0.0,1006.5
CHE,Chennai,Tamil Nadu,2026-08-16 04:00:00+00:00,32.4,53,12.4,280,0.0,1006.8
CHE,Chennai,Tamil Nadu,2026-08-16 05:00:00+00:00,33.5,51,10.2,288,0.0,1006.5
CHE,Chennai,Tamil Nadu,2026-08-16 06:00:00+00:00,34.1,49,10.6,300,0.0,1005.9
CHE,Chennai,Tamil Nadu,2026-08-16 07:00:00+00:00,34.8,46,10.1,316,0.0,1005.0
CHE,Chennai,Tamil Nadu,2026-08-16 08:00:00+00:00,35.2,43,4.7,358,0.1,1004.3
CHE,Chennai,Tamil Nadu,2026-08-16 09:00:00+00:00,33.9,53,7.9,91,0.1,1003.4
CHE,Chennai,Tamil Nadu,2026-08-16 10:00:00+00:00,32.2,64,13.6,107,0.2,1003.3
CHE,Chennai,Tamil Nadu,2026-08-16 11:00:00+00:00,31.8,69,13.5,126,0.2,1003.3
CHE,Chennai,Tamil Nadu,2026-08-16 12:00:00+00:00,31.5,64,13.0,137,0.1,1003.9
CHE,Chennai,Tamil Nadu,2026-08-16 13:00:00+00:00,30.8,74,11.4,141,0.0,1004.8
CHE,Chennai,Tamil Nadu,2026-08-16 14:00:00+00:00,30.5,75,11.9,151,0.0,1005.8
CHE,Chennai,Tamil Nadu,2026-08-16 15:00:00+00:00,30.4,74,12.9,162,0.0,1006.7
CHE,Chennai,Tamil Nadu,2026-08-16 16:00:00+00:00,30.0,81,12.5,169,0.0,1007.3
CHE,Chennai,Tamil Nadu,2026-08-16 17:00:00+00:00,30.0,80,11.9,177,0.0,1007.6
CHE,Chennai,Tamil Nadu,2026-08-16 18:00:00+00:00,30.0,78,13.9,181,0.0,1007.0
CHE,Chennai,Tamil Nadu,2026-08-16 19:00:00+00:00,29.6,79,11.9,190,0.0,1006.6
CHE,Chennai,Tamil Nadu,2026-08-16 20:00:00+00:00,29.3,78,9.8,200,0.0,1006.2
CHE,Chennai,Tamil Nadu,2026-08-16 21:00:00+00:00,28.9,77,9.0,211,0.0,1005.9
CHE,Chennai,Tamil Nadu,2026-08-16 22:00:00+00:00,28.5,77,8.6,213,0.0,1005.6
CHE,Chennai,Tamil Nadu,2026-08-16 23:00:00+00:00,28.3,77,7.3,226,0.0,1006.0
CHE,Chennai,Tamil Nadu,2026-08-17 00:00:00+00:00,28.6,77,9.3,227,0.0,1006.0
CHE,Chennai,Tamil Nadu,2026-08-17 01:00:00+00:00,28.7,76,10.5,251,0.0,1006.3
CHE,Chennai,Tamil Nadu,2026-08-17 02:00:00+00:00,29.7,70,11.9,267,0.0,1007.1
CHE,Chennai,Tamil Nadu,2026-08-17 03:00:00+00:00,31.0,63,12.4,271,0.0,1007.4
CHE,Chennai,Tamil Nadu,2026-08-17 04:00:00+00:00,31.9,57,12.9,283,0.0,1007.9
CHE,Chennai,Tamil Nadu,2026-08-17 05:00:00+00:00,33.1,52,11.2,288,0.0,1007.8
CHE,Chennai,Tamil Nadu,2026-08-17 06:00:00+00:00,34.3,48,10.6,288,0.0,1007.5
CHE,Chennai,Tamil Nadu,2026-08-17 07:00:00+00:00,34.7,47,8.3,300,0.1,1006.7
CHE,Chennai,Tamil Nadu,2026-08-17 08:00:00+00:00,35.3,43,1.9,17,0.1,1006.0
CHE,Chennai,Tamil Nadu,2026-08-17 09:00:00+00:00,34.2,50,6.3,92,0.1,1004.9
CHE,Chennai,Tamil Nadu,2026-08-17 10:00:00+00:00,33.0,59,11.2,96,0.1,1004.6
CHE,Chennai,Tamil Nadu,2026-08-17 11:00:00+00:00,31.7,69,12.9,99,0.3,1004.3
CHE,Chennai,Tamil Nadu,2026-08-17 12:00:00+00:00,30.8,71,17.3,133,0.3,1005.5
CHE,Chennai,Tamil Nadu,2026-08-17 13:00:00+00:00,30.5,74,9.3,144,0.1,1005.9
CHE,Chennai,Tamil Nadu,2026-08-17 14:00:00+00:00,30.3,76,8.1,143,0.0,1006.6
CHE,Chennai,Tamil Nadu,2026-08-17 15:00:00+00:00,30.1,76,9.9,161,0.0,1007.3
CHE,Chennai,Tamil Nadu,2026-08-17 16:00:00+00:00,30.0,76,11.7,176,0.0,1008.2
CHE,Chennai,Tamil Nadu,2026-08-17 17:00:00+00:00,29.6,84,13.6,187,0.0,1008.8
CHE,Chennai,Tamil Nadu,2026-08-17 18:00:00+00:00,30.0,83,15.8,173,0.0,1008.1
CHE,Chennai,Tamil Nadu,2026-08-17 19:00:00+00:00,29.6,82,16.8,186,0.0,1007.6
CHE,Chennai,Tamil Nadu,2026-08-17 20:00:00+00:00,28.8,80,12.6,202,0.0,1007.2
CHE,Chennai,Tamil Nadu,2026-08-17 21:00:00+00:00,28.1,79,12.0,217,0.0,1006.8
CHE,Chennai,Tamil Nadu,2026-08-17 22:00:00+00:00,27.7,81,10.4,219,0.0,1006.9
CHE,Chennai,Tamil Nadu,2026-08-17 23:00:00+00:00,27.5,82,9.4,220,0.0,1007.0
CHE,Chennai,Tamil Nadu,2026-08-18 00:00:00+00:00,28.6,79,8.7,227,0.0,1006.9
CHE,Chennai,Tamil Nadu,2026-08-18 01:00:00+00:00,28.9,77,9.4,241,0.0,1007.3
CHE,Chennai,Tamil Nadu,2026-08-18 02:00:00+00:00,30.8,62,12.0,263,0.0,1007.9
CHE,Chennai,Tamil Nadu,2026-08-18 03:00:00+00:00,32.3,51,17.3,279,0.0,1008.4
CHE,Chennai,Tamil Nadu,2026-08-18 04:00:00+00:00,33.4,46,14.6,286,0.0,1008.7
CHE,Chennai,Tamil Nadu,2026-08-18 05:00:00+00:00,34.9,42,12.7,293,0.0,1008.8
CHE,Chennai,Tamil Nadu,2026-08-18 06:00:00+00:00,35.9,40,12.5,298,0.0,1008.1
CHE,Chennai,Tamil Nadu,2026-08-18 07:00:00+00:00,35.9,39,11.5,309,0.0,1007.2
CHE,Chennai,Tamil Nadu,2026-08-18 08:00:00+00:00,36.1,39,5.1,6,0.0,1006.4
CHE,Chennai,Tamil Nadu,2026-08-18 09:00:00+00:00,35.0,44,6.0,85,0.1,1005.4
CHE,Chennai,Tamil Nadu,2026-08-18 10:00:00+00:00,32.6,56,14.7,101,0.3,1004.8
CHE,Chennai,Tamil Nadu,2026-08-18 11:00:00+00:00,32.1,57,13.6,107,0.1,1004.5
CHE,Chennai,Tamil Nadu,2026-08-18 12:00:00+00:00,32.8,56,8.9,122,0.1,1004.5
CHE,Chennai,Tamil Nadu,2026-08-18 13:00:00+00:00,32.2,55,10.9,135,0.0,1005.2
CHE,Chennai,Tamil Nadu,2026-08-18 14:00:00+00:00,31.8,57,13.5,150,0.0,1005.9
CHE,Chennai,Tamil Nadu,2026-08-18 15:00:00+00:00,31.5,61,13.7,162,0.0,1006.5
CHE,Chennai,Tamil Nadu,2026-08-18 16:00:00+00:00,31.1,68,14.4,177,0.0,1007.4
CHE,Chennai,Tamil Nadu,2026-08-18 17:00:00+00:00,30.8,72,12.3,184,0.0,1007.7
CHE,Chennai,Tamil Nadu,2026-08-18 18:00:00+00:00,31.2,67,12.7,174,0.2,1007.5
CHE,Chennai,Tamil Nadu,2026-08-18 19:00:00+00:00,28.6,78,15.5,193,0.1,1007.5
CHE,Chennai,Tamil Nadu,2026-08-18 20:00:00+00:00,27.8,80,9.6,206,0.1,1007.0
CHE,Chennai,Tamil Nadu,2026-08-18 21:00:00+00:00,27.6,79,14.1,238,0.1,1007.0
CHE,Chennai,Tamil Nadu,2026-08-18 22:00:00+00:00,26.1,86,11.9,232,0.5,1006.7
CHE,Chennai,Tamil Nadu,2026-08-18 23:00:00+00:00,25.8,91,11.6,223,1.5,1006.9
CHE,Chennai,Tamil Nadu,2026-08-19 00:00:00+00:00,27.7,79,5.6,205,0.3,1006.9
CHE,Chennai,Tamil Nadu,2026-08-19 01:00:00+00:00,27.1,83,11.7,319,0.0,1007.9
CHE,Chennai,Tamil Nadu,2026-08-19 02:00:00+00:00,27.6,82,5.7,298,0.4,1007.9
CHE,Chennai,Tamil Nadu,2026-08-19 03:00:00+00:00,30.0,72,6.6,287,0.1,1008.0
CHE,Chennai,Tamil Nadu,2026-08-19 04:00:00+00:00,32.5,58,8.1,287,0.0,1007.9
CHE,Chennai,Tamil Nadu,2026-08-19 05:00:00+00:00,34.6,48,12.6,296,0.0,1007.7
CHE,Chennai,Tamil Nadu,2026-08-19 06:00:00+00:00,35.9,44,10.7,306,0.0,1007.4
CHE,Chennai,Tamil Nadu,2026-08-19 07:00:00+00:00,35.2,45,8.3,304,0.8,1006.9
CHE,Chennai,Tamil Nadu,2026-08-19 08:00:00+00:00,34.7,48,5.3,55,0.3,1006.1
CHE,Chennai,Tamil Nadu,2026-08-19 09:00:00+00:00,28.9,77,11.8,65,3.1,1005.5
CHE,Chennai,Tamil Nadu,2026-08-19 10:00:00+00:00,30.4,68,3.1,149,0.5,1004.8
CHE,Chennai,Tamil Nadu,2026-08-19 11:00:00+00:00,31.4,65,6.5,104,0.0,1005.0
CHE,Chennai,Tamil Nadu,2026-08-19 12:00:00+00:00,31.6,65,12.6,142,0.0,1005.1
CHE,Chennai,Tamil Nadu,2026-08-19 13:00:00+00:00,30.1,75,11.3,170,0.0,1006.0
CHE,Chennai,Tamil Nadu,2026-08-19 14:00:00+00:00,29.9,77,10.1,190,0.0,1006.9
CHE,Chennai,Tamil Nadu,2026-08-19 15:00:00+00:00,29.6,79,8.8,191,0.0,1007.3
CHE,Chennai,Tamil Nadu,2026-08-19 16:00:00+00:00,29.4,80,11.5,190,0.0,1007.8
CHE,Chennai,Tamil Nadu,2026-08-19 17:00:00+00:00,28.9,80,11.6,213,0.0,1008.5
CHE,Chennai,Tamil Nadu,2026-08-19 18:00:00+00:00,27.8,85,13.5,199,0.6,1008.1
CHE,Chennai,Tamil Nadu,2026-08-19 19:00:00+00:00,27.5,86,15.3,197,0.0,1007.7
CHE,Chennai,Tamil Nadu,2026-08-19 20:00:00+00:00,26.8,88,12.6,211,0.0,1007.4
CHE,Chennai,Tamil Nadu,2026-08-19 21:00:00+00:00,26.7,88,11.2,233,0.0,1006.6
CHE,Chennai,Tamil Nadu,2026-08-19 22:00:00+00:00,26.7,89,10.7,233,0.0,1006.7
CHE,Chennai,Tamil Nadu,2026-08-19 23:00:00+00:00,26.6,91,10.9,234,0.0,1006.7
CHE,Chennai,Tamil Nadu,2026-08-20 00:00:00+00:00,27.3,85,12.7,216,0.1,1006.3
CHE,Chennai,Tamil Nadu,2026-08-20 01:00:00+00:00,27.4,84,10.7,222,0.0,1006.8
CHE,Chennai,Tamil Nadu,2026-08-20 02:00:00+00:00,28.7,78,10.5,233,0.0,1007.5
CHE,Chennai,Tamil Nadu,2026-08-20 03:00:00+00:00,30.6,68,11.6,244,0.0,1007.8
CHE,Chennai,Tamil Nadu,2026-08-20 04:00:00+00:00,32.3,59,11.0,265,0.0,1008.0
CHE,Chennai,Tamil Nadu,2026-08-20 05:00:00+00:00,33.8,54,10.7,283,0.0,1007.6
CHE,Chennai,Tamil Nadu,2026-08-20 06:00:00+00:00,34.8,50,11.0,296,0.0,1006.6
CHE,Chennai,Tamil Nadu,2026-08-20 07:00:00+00:00,35.3,48,8.9,304,0.0,1005.9
CHE,Chennai,Tamil Nadu,2026-08-20 08:00:00+00:00,35.8,45,7.1,324,0.0,1004.9
CHE,Chennai,Tamil Nadu,2026-08-20 09:00:00+00:00,34.9,47,3.4,72,0.5,1004.0
CHE,Chennai,Tamil Nadu,2026-08-20 10:00:00+00:00,32.5,60,11.9,108,0.7,1003.7
CHE,Chennai,Tamil Nadu,2026-08-20 11:00:00+00:00,31.0,69,14.1,143,0.5,1003.4
CHE,Chennai,Tamil Nadu,2026-08-20 12:00:00+00:00,32.5,62,13.1,136,0.1,1003.6
CHE,Chennai,Tamil Nadu,2026-08-20 13:00:00+00:00,31.9,67,12.9,160,0.0,1004.6
CHE,Chennai,Tamil Nadu,2026-08-20 14:00:00+00:00,29.9,76,11.6,199,0.7,1005.5
CHE,Chennai,Tamil Nadu,2026-08-20 15:00:00+00:00,29.9,76,11.6,196,0.0,1006.4
CHE,Chennai,Tamil Nadu,2026-08-20 16:00:00+00:00,29.6,76,12.2,188,0.0,1007.2
CHE,Chennai,Tamil Nadu,2026-08-20 17:00:00+00:00,28.9,78,11.2,195,0.0,1007.5
CHE,Chennai,Tamil Nadu,2026-08-20 18:00:00+00:00,29.5,76,11.1,210,0.0,1007.3
CHE,Chennai,Tamil Nadu,2026-08-20 19:00:00+00:00,29.0,76,11.6,219,0.0,1006.8
CHE,Chennai,Tamil Nadu,2026-08-20 20:00:00+00:00,28.3,77,9.3,238,0.0,1005.7
CHE,Chennai,Tamil Nadu,2026-08-20 21:00:00+00:00,28.0,77,10.9,241,0.0,1005.1
CHE,Chennai,Tamil Nadu,2026-08-20 22:00:00+00:00,27.8,78,11.4,242,0.0,1004.9
CHE,Chennai,Tamil Nadu,2026-08-20 23:00:00+00:00,27.6,79,10.7,248,0.0,1005.1
CHE,Chennai,Tamil Nadu,2026-08-21 00:00:00+00:00,28.4,77,11.7,247,0.0,1005.4
CHE,Chennai,Tamil Nadu,2026-08-21 01:00:00+00:00,28.6,72,12.2,256,0.0,1005.8
CHE,Chennai,Tamil Nadu,2026-08-21 02:00:00+00:00,30.5,58,11.5,269,0.0,1006.2
CHE,Chennai,Tamil Nadu,2026-08-21 03:00:00+00:00,32.2,50,15.5,283,0.0,1006.6
CHE,Chennai,Tamil Nadu,2026-08-21 04:00:00+00:00,33.5,46,13.4,294,0.0,1006.6
CHE,Chennai,Tamil Nadu,2026-08-21 05:00:00+00:00,34.9,44,10.8,302,0.0,1006.2
CHE,Chennai,Tamil Nadu,2026-08-21 06:00:00+00:00,35.4,44,7.7,324,0.0,1005.8
CHE,Chennai,Tamil Nadu,2026-08-21 07:00:00+00:00,36.3,41,2.2,55,0.1,1005.4
CHE,Chennai,Tamil Nadu,2026-08-21 08:00:00+00:00,35.2,45,9.0,85,0.0,1004.5
CHE,Chennai,Tamil Nadu,2026-08-21 09:00:00+00:00,31.7,58,17.0,107,0.1,1003.8
CHE,Chennai,Tamil Nadu,2026-08-21 10:00:00+00:00,29.4,67,7.5,156,2.3,1004.4
CHE,Chennai,Tamil Nadu,2026-08-21 11:00:00+00:00,30.9,62,8.7,153,0.7,1004.1
CHE,Chennai,Tamil Nadu,2026-08-21 12:00:00+00:00,30.0,72,14.8,181,0.3,1004.4
CHE,Chennai,Tamil Nadu,2026-08-21 13:00:00+00:00,30.0,72,10.3,230,0.0,1005.7
CHE,Chennai,Tamil Nadu,2026-08-21 14:00:00+00:00,28.9,77,9.4,240,0.0,1006.0
CHE,Chennai,Tamil Nadu,2026-08-21 15:00:00+00:00,28.6,78,11.4,209,0.0,1006.5
CHE,Chennai,Tamil Nadu,2026-08-21 16:00:00+00:00,28.3,76,11.9,207,0.0,1007.0
CHE,Chennai,Tamil Nadu,2026-08-21 17:00:00+00:00,28.1,73,12.2,221,0.0,1007.5
CHE,Chennai,Tamil Nadu,2026-08-21 18:00:00+00:00,28.7,69,11.9,229,0.0,1006.3
CHE,Chennai,Tamil Nadu,2026-08-21 19:00:00+00:00,27.8,74,11.3,252,0.0,1006.1
CHE,Chennai,Tamil Nadu,2026-08-21 20:00:00+00:00,27.2,79,11.9,240,0.0,1005.5
CHE,Chennai,Tamil Nadu,2026-08-21 21:00:00+00:00,27.1,81,11.8,237,0.0,1005.0
CHE,Chennai,Tamil Nadu,2026-08-21 22:00:00+00:00,27.1,81,11.2,238,0.0,1004.8
CHE,Chennai,Tamil Nadu,2026-08-21 23:00:00+00:00,26.9,82,10.1,237,0.0,1005.1
CHE,Chennai,Tamil Nadu,2026-08-22 00:00:00+00:00,28.2,70,14.8,257,0.0,1005.2
CHE,Chennai,Tamil Nadu,2026-08-22 01:00:00+00:00,27.8,71,13.2,259,0.0,1005.6
CHE,Chennai,Tamil Nadu,2026-08-22 02:00:00+00:00,28.7,68,11.7,261,0.0,1006.3
CHE,Chennai,Tamil Nadu,2026-08-22 03:00:00+00:00,30.2,61,14.1,274,0.0,1006.8
CHE,Chennai,Tamil Nadu,2026-08-22 04:00:00+00:00,31.6,54,14.6,279,0.0,1006.9
CHE,Chennai,Tamil Nadu,2026-08-22 05:00:00+00:00,32.8,50,13.5,283,0.0,1006.7
CHE,Chennai,Tamil Nadu,2026-08-22 06:00:00+00:00,33.7,46,14.2,294,0.0,1006.2
CHE,Chennai,Tamil Nadu,2026-08-22 07:00:00+00:00,34.7,43,13.3,297,0.0,1005.6
CHE,Chennai,Tamil Nadu,2026-08-22 08:00:00+00:00,35.6,39,13.4,296,0.0,1004.3
CHE,Chennai,Tamil Nadu,2026-08-22 09:00:00+00:00,36.0,38,7.3,314,0.0,1003.1
CHE,Chennai,Tamil Nadu,2026-08-22 10:00:00+00:00,34.8,44,4.9,98,0.0,1002.6
CHE,Chennai,Tamil Nadu,2026-08-22 11:00:00+00:00,32.9,59,10.1,102,0.0,1002.7
CHE,Chennai,Tamil Nadu,2026-08-22 12:00:00+00:00,31.0,65,17.2,135,0.0,1003.4
CHE,Chennai,Tamil Nadu,2026-08-22 13:00:00+00:00,30.6,69,13.6,156,0.1,1004.3
CHE,Chennai,Tamil Nadu,2026-08-22 14:00:00+00:00,30.5,72,14.0,165,0.0,1004.9
CHE,Chennai,Tamil Nadu,2026-08-22 15:00:00+00:00,30.4,74,14.5,174,0.0,1005.6
CHE,Chennai,Tamil Nadu,2026-08-22 16:00:00+00:00,30.1,75,16.4,176,0.0,1006.2
CHE,Chennai,Tamil Nadu,2026-08-22 17:00:00+00:00,29.9,78,14.7,188,0.0,1006.6
CHE,Chennai,Tamil Nadu,2026-08-22 18:00:00+00:00,30.1,78,14.0,192,0.0,1006.0
CHE,Chennai,Tamil Nadu,2026-08-22 19:00:00+00:00,29.6,77,13.1,214,0.0,1005.4
CHE,Chennai,Tamil Nadu,2026-08-22 20:00:00+00:00,29.2,76,12.4,231,0.0,1005.0
CHE,Chennai,Tamil Nadu,2026-08-22 21:00:00+00:00,29.1,72,10.5,229,0.0,1004.7
CHE,Chennai,Tamil Nadu,2026-08-22 22:00:00+00:00,28.6,74,9.7,225,0.0,1004.4
CHE,Chennai,Tamil Nadu,2026-08-22 23:00:00+00:00,28.3,75,10.3,229,0.0,1004.5
CHE,Chennai,Tamil Nadu,2026-08-23 00:00:00+00:00,28.9,74,8.2,234,0.0,1004.9
CHE,Chennai,Tamil Nadu,2026-08-23 01:00:00+00:00,28.5,74,10.2,244,0.0,1005.4
CHE,Chennai,Tamil Nadu,2026-08-23 02:00:00+00:00,29.5,67,10.0,253,0.0,1006.3
CHE,Chennai,Tamil Nadu,2026-08-23 03:00:00+00:00,30.7,61,12.0,258,0.0,1006.6
CHE,Chennai,Tamil Nadu,2026-08-23 04:00:00+00:00,32.1,55,13.1,262,0.0,1006.8
CHE,Chennai,Tamil Nadu,2026-08-23 05:00:00+00:00,33.1,51,11.2,266,0.0,1006.6
CHE,Chennai,Tamil Nadu,2026-08-23 06:00:00+00:00,33.8,47,10.8,285,0.0,1006.2
CHE,Chennai,Tamil Nadu,2026-08-23 07:00:00+00:00,34.1,46,8.0,297,0.5,1005.4
CHE,Chennai,Tamil Nadu,2026-08-23 08:00:00+00:00,34.9,43,2.5,210,0.8,1004.4
CHE,Chennai,Tamil Nadu,2026-08-23 09:00:00+00:00,34.2,47,5.8,160,0.6,1003.4
CHE,Chennai,Tamil Nadu,2026-08-23 10:00:00+00:00,32.3,62,12.9,150,0.5,1003.2
CHE,Chennai,Tamil Nadu,2026-08-23 11:00:00+00:00,31.8,66,16.8,156,0.1,1003.0
CHE,Chennai,Tamil Nadu,2026-08-23 12:00:00+00:00,31.1,65,11.4,175,0.1,1003.6
CHE,Chennai,Tamil Nadu,2026-08-23 13:00:00+00:00,30.8,71,10.4,169,0.1,1004.8
CHE,Chennai,Tamil Nadu,2026-08-23 14:00:00+00:00,30.1,73,9.6,177,0.0,1005.3
CHE,Chennai,Tamil Nadu,2026-08-23 15:00:00+00:00,28.2,87,7.4,257,4.8,1006.5
CHE,Chennai,Tamil Nadu,2026-08-23 16:00:00+00:00,27.3,94,8.0,124,5.2,1007.3
CHE,Chennai,Tamil Nadu,2026-08-23 17:00:00+00:00,26.9,91,20.7,193,0.1,1007.8
CHE,Chennai,Tamil Nadu,2026-08-23 18:00:00+00:00,27.3,89,9.6,176,0.1,1007.1
CHE,Chennai,Tamil Nadu,2026-08-23 19:00:00+00:00,26.9,92,5.7,298,0.1,1006.5
CHE,Chennai,Tamil Nadu,2026-08-23 20:00:00+00:00,26.7,93,4.0,243,0.1,1005.8
CHE,Chennai,Tamil Nadu,2026-08-23 21:00:00+00:00,26.7,94,5.4,255,0.0,1005.3
CHE,Chennai,Tamil Nadu,2026-08-23 22:00:00+00:00,26.8,94,4.7,286,0.0,1005.0
CHE,Chennai,Tamil Nadu,2026-08-23 23:00:00+00:00,26.9,92,7.2,245,0.0,1005.0
CHE,Chennai,Tamil Nadu,2026-08-24 00:00:00+00:00,27.4,91,8.1,238,0.0,1005.3
CHE,Chennai,Tamil Nadu,2026-08-24 01:00:00+00:00,27.2,84,10.1,254,0.0,1005.9
CHE,Chennai,Tamil Nadu,2026-08-24 02:00:00+00:00,27.6,78,10.7,257,0.0,1006.4
CHE,Chennai,Tamil Nadu,2026-08-24 03:00:00+00:00,28.6,76,8.3,240,0.0,1007.0
CHE,Chennai,Tamil Nadu,2026-08-24 04:00:00+00:00,29.7,70,10.3,237,0.0,1007.3
CHE,Chennai,Tamil Nadu,2026-08-24 05:00:00+00:00,30.8,64,11.4,242,0.0,1006.9
CHE,Chennai,Tamil Nadu,2026-08-24 06:00:00+00:00,31.6,59,16.2,261,0.0,1006.9
CHE,Chennai,Tamil Nadu,2026-08-24 07:00:00+00:00,31.8,59,13.0,250,0.0,1006.4
CHE,Chennai,Tamil Nadu,2026-08-24 08:00:00+00:00,32.5,58,12.0,242,0.0,1005.0
CHE,Chennai,Tamil Nadu,2026-08-24 09:00:00+00:00,32.4,58,9.9,254,0.0,1004.1
CHE,Chennai,Tamil Nadu,2026-08-24 10:00:00+00:00,29.7,69,17.3,280,1.1,1004.4
CHE,Chennai,Tamil Nadu,2026-08-24 11:00:00+00:00,27.2,89,6.1,223,2.6,1004.5
CHE,Chennai,Tamil Nadu,2026-08-24 12:00:00+00:00,30.1,76,11.9,162,0.3,1004.1
CHE,Chennai,Tamil Nadu,2026-08-24 13:00:00+00:00,29.0,78,10.5,197,0.2,1005.2
CHE,Chennai,Tamil Nadu,2026-08-24 14:00:00+00:00,28.1,84,11.8,253,0.4,1006.7
CHE,Chennai,Tamil Nadu,2026-08-24 15:00:00+00:00,26.0,95,11.2,248,1.9,1007.4
CHE,Chennai,Tamil Nadu,2026-08-24 16:00:00+00:00,26.2,94,6.7,214,0.9,1007.8
CHE,Chennai,Tamil Nadu,2026-08-24 17:00:00+00:00,26.3,94,7.6,187,0.0,1008.0
CHE,Chennai,Tamil Nadu,2026-08-24 18:00:00+00:00,26.1,93,12.5,196,0.0,1007.9
CHE,Chennai,Tamil Nadu,2026-08-24 19:00:00+00:00,25.8,90,10.9,207,0.0,1007.3
CHE,Chennai,Tamil Nadu,2026-08-24 20:00:00+00:00,25.9,89,9.5,207,0.0,1006.7
CHE,Chennai,Tamil Nadu,2026-08-24 21:00:00+00:00,25.9,90,9.5,209,0.0,1006.1
CHE,Chennai,Tamil Nadu,2026-08-24 22:00:00+00:00,25.9,89,9.2,227,0.0,1005.6
CHE,Chennai,Tamil Nadu,2026-08-24 23:00:00+00:00,26.0,88,10.5,209,0.0,1005.8
CHE,Chennai,Tamil Nadu,2026-08-25 00:00:00+00:00,26.7,87,12.0,216,0.0,1006.0
CHE,Chennai,Tamil Nadu,2026-08-25 01:00:00+00:00,26.8,86,12.4,230,0.0,1006.3
CHE,Chennai,Tamil Nadu,2026-08-25 02:00:00+00:00,27.6,82,11.6,237,0.0,1007.5
CHE,Chennai,Tamil Nadu,2026-08-25 03:00:00+00:00,28.4,80,11.0,236,0.1,1008.0
CHE,Chennai,Tamil Nadu,2026-08-25 04:00:00+00:00,29.7,72,12.1,240,0.0,1008.2
CHE,Chennai,Tamil Nadu,2026-08-25 05:00:00+00:00,30.8,67,9.5,248,0.0,1008.0
CHE,Chennai,Tamil Nadu,2026-08-25 06:00:00+00:00,32.1,63,10.1,250,0.0,1007.6
CHE,Chennai,Tamil Nadu,2026-08-25 07:00:00+00:00,31.3,64,10.8,249,0.4,1007.0
CHE,Chennai,Tamil Nadu,2026-08-25 08:00:00+00:00,32.4,61,7.7,229,0.0,1005.6
CHE,Chennai,Tamil Nadu,2026-08-25 09:00:00+00:00,30.8,68,14.9,269,1.4,1005.3
CHE,Chennai,Tamil Nadu,2026-08-25 10:00:00+00:00,29.5,78,14.1,240,0.6,1004.9
CHE,Chennai,Tamil Nadu,2026-08-25 11:00:00+00:00,28.7,83,10.8,216,0.8,1004.4
CHE,Chennai,Tamil Nadu,2026-08-25 12:00:00+00:00,28.1,88,10.6,190,0.2,1004.1
CHE,Chennai,Tamil Nadu,2026-08-25 13:00:00+00:00,27.3,88,11.8,196,0.0,1004.9
CHE,Chennai,Tamil Nadu,2026-08-25 14:00:00+00:00,27.2,87,9.8,206,0.0,1005.9
CHE,Chennai,Tamil Nadu,2026-08-25 15:00:00+00:00,27.3,85,10.7,200,0.0,1006.7
CHE,Chennai,Tamil Nadu,2026-08-25 16:00:00+00:00,27.4,85,10.5,204,0.0,1007.4
CHE,Chennai,Tamil Nadu,2026-08-25 17:00:00+00:00,27.6,85,9.7,205,0.0,1007.9
CHE,Chennai,Tamil Nadu,2026-08-25 18:00:00+00:00,27.7,85,11.4,217,0.0,1007.4
CHE,Chennai,Tamil Nadu,2026-08-25 19:00:00+00:00,27.8,84,13.4,228,0.0,1006.9
CHE,Chennai,Tamil Nadu,2026-08-25 20:00:00+00:00,27.9,80,12.7,245,0.0,1006.7
CHE,Chennai,Tamil Nadu,2026-08-25 21:00:00+00:00,27.4,81,11.1,234,0.0,1006.7
CHE,Chennai,Tamil Nadu,2026-08-25 22:00:00+00:00,27.6,76,12.5,242,0.0,1006.0
CHE,Chennai,Tamil Nadu,2026-08-25 23:00:00+00:00,27.3,76,12.0,238,0.0,1006.3
