city_id,city_name,state,station_id,station_name,station_latitude,station_longitude,distance_metres,pm25_sensor_ids
DEL,Delhi NCR,Delhi,13,"Delhi Technological University, Delhi - CPCB",28.744,77.12,16839.73364921,13864
DEL,Delhi NCR,Delhi,15,IGI Airport,28.56,77.094,12737.39769234,30
DEL,Delhi NCR,Delhi,16,Civil Lines,28.6787,77.2262,7376.03084723,34
DEL,Delhi NCR,Delhi,17,"R K Puram, Delhi - DPCC",28.563262,77.186937,6012.85150593,"12234787,35"
DEL,Delhi NCR,Delhi,50,"Punjabi Bagh, Delhi - DPCC",28.674045,77.131023,10127.05986595,"12234796,396"
DEL,Delhi NCR,Delhi,103,"Income Tax Office, Delhi - CPCB",28.623499999999996,77.2494,4091.645402,13861
DEL,Delhi NCR,Delhi,235,"Anand Vihar, New Delhi - DPCC",28.646835,77.316032,11084.23398086,"12235610,384"
DEL,Delhi NCR,Delhi,236,"Mandir Marg, Delhi - DPCC",28.6341,77.2005,2388.08421717,388
DEL,Delhi NCR,Delhi,431,"IHBAS, Delhi - CPCB",28.6821,77.305,12050.84667153,13868
DEL,Delhi NCR,Delhi,2503,"Shadipur, Delhi - CPCB",28.651699999999998,77.1581,6505.53340072,13860
DEL,Delhi NCR,Delhi,2587,"Sector16A, Faridabad - HSPCB",28.410122219999998,77.313775,24804.19680371,13900
DEL,Delhi NCR,Delhi,2597,US Diplomatic Post: New Delhi,28.598096,77.189066,2620.89974253,5398
DEL,Delhi NCR,Delhi,5404,"Pusa, Delhi - IMD",28.639645,77.146263,6765.93018927,"14087,12234702"
DEL,Delhi NCR,Delhi,5509,"Anand Vihar, Delhi - DPCC",28.647622000000002,77.315809,11092.69292188,14521
DEL,Delhi NCR,Delhi,5540,"Punjabi Bagh, Delhi - DPCC",28.6670856,77.1301247,9706.7063029,14617
DEL,Delhi NCR,Delhi,5541,"Burari Crossing, New Delhi - IMD",28.7256504,77.2011573,12409.03639544,"14912,12234684"
DEL,Delhi NCR,Delhi,5570,"Aya Nagar, New Delhi - IMD",28.474261,77.131606,17229.94669809,"14717,12234708"
DEL,Delhi NCR,Delhi,5581,"Pusa, New Delhi - IMD",28.610304,77.0996943,10697.57382705,14853
DEL,Delhi NCR,Delhi,5586,"Sirifort, Delhi - CPCB",28.5504249,77.2159377,7067.53938351,12234769
DEL,Delhi NCR,Delhi,5598,"Sector - 125, Noida, UP - UPPCB",28.5447608,77.3231257,13541.53240718,12235187
DEL,Delhi NCR,Delhi,5610,"North Campus, DU, Delhi - IMD",28.6573814,77.1585447,6896.52256556,"12234690,14860"
DEL,Delhi NCR,Delhi,5613,"ITO, New Delhi - CPCB",28.628624,77.24106,3534.4722098,"14878,12234753"
DEL,Delhi NCR,Delhi,5616,"Sector - 62, Noida, UP - IMD",28.6245479,77.3577104,14590.76493685,12234720
DEL,Delhi NCR,Delhi,5617,"Sector- 16A, Faridabad - HSPCB",28.4088421,77.3099081,24780.14625136,14930
DEL,Delhi NCR,Delhi,5622,"NSIT Dwarka, Delhi - CPCB",28.60909,77.0325413,17266.07111518,"14922,12234744"
DEL,Delhi NCR,Delhi,5626,"DTU, New Delhi - CPCB",28.7500499,77.1112615,17859.05633393,"12234760,14985"
DEL,Delhi NCR,Delhi,5627,"CRRI Mathura Road, New Delhi - IMD",28.5512005,77.2735737,9391.12606595,"14935,12234678"
DEL,Delhi NCR,Delhi,5630,"Shadipur, Delhi - CPCB",28.6514781,77.1473105,7330.16755155,"12234726,14959"
DEL,Delhi NCR,Delhi,5634,"Lodhi Road, New Delhi - IMD",28.5918245,77.2273074,3031.87340972,"14984,12234714"
DEL,Delhi NCR,Delhi,5639,"R K Puram, New Delhi - DPCC",28.5646102,77.1670103,6834.69724429,15071
DEL,Delhi NCR,Delhi,5641,"Mandir Marg, New Delhi - DPCC",28.6372688,77.2005604,2718.26653445,15014
DEL,Delhi NCR,Delhi,5650,"IGI Airport (T3), Delhi - IMD",28.5627763,77.1180053,10551.63564136,12234696
DEL,Delhi NCR,Delhi,5665,"Vasundhara, Ghaziabad - UPPCB",28.6603346,77.3572563,15382.50902372,"15239,12235160"
DEL,Delhi NCR,Delhi,5742,"Patparganj, Delhi - DPCC",28.6310495,77.2846218,7635.46662933,15629
DEL,Delhi NCR,Delhi,5743,"Rohini, Delhi - DPCC",28.7407056,77.0577492,20397.47844424,15618
DEL,Delhi NCR,Delhi,5744,"Dr. Karni Singh Shooting Range, Delhi - DPCC",28.4997315,77.2649067,13785.08353911,15589
DEL,Delhi NCR,Delhi,5753,"Vivek Vihar, Delhi - DPCC",28.6687803,77.3130982,11856.96421565,15604
DEL,Delhi NCR,Delhi,5754,"Jawaharlal Nehru Stadium, Delhi - DPCC",28.5828503,77.2321778,4120.88078273,15620
DEL,Delhi NCR,Delhi,5755,"Major Dhyan Chand National Stadium, Delhi - DPCC",28.6125027,77.2351994,2566.96225557,15551
DEL,Delhi NCR,Delhi,5759,"Sonia Vihar, Delhi - DPCC",28.67795,77.29868,11281.2939336,15595
DEL,Delhi NCR,Delhi,5761,"Jahangirpuri, Delhi - DPCC",28.7258373,77.1605631,13278.78235198,15621
DEL,Delhi NCR,Delhi,5762,"Ashok Vihar, Delhi - DPCC",28.6957202,77.1812947,9463.98996137,15602
DEL,Delhi NCR,Delhi,5765,"Okhla Phase-2, Delhi - DPCC",28.5366411,77.2664587,10242.91145159,15627
DEL,Delhi NCR,Delhi,5766,"Nehru Nagar, Delhi - DPCC",28.5639543,77.2587868,7372.94052583,15626
DEL,Delhi NCR,Delhi,6356,"Pusa, Delhi - DPCC",28.639645,77.146262,6766.01885543,12235321
DEL,Delhi NCR,Delhi,6357,"Punjabi Bagh, Delhi - DPCC",28.674045000000003,77.13102300000001,10127.05986595,17776
DEL,Delhi NCR,Delhi,6358,"Mandir Marg, New Delhi - DPCC",28.636429,77.201067,2614.61403452,"12234778,17770"
DEL,Delhi NCR,Delhi,6359,"IHBAS, Dilshad Garden,New Delhi - CPCB",28.6811736,77.3025234,11798.11750826,"12234735,17790"
DEL,Delhi NCR,Delhi,6924,"Indirapuram, Ghaziabad - UPPCB",28.646233,77.358075,15011.11616604,"12235779,19884"
DEL,Delhi NCR,Delhi,6929,"Major Dhyan Chand National Stadium, Delhi - DPCC",28.611281,77.237738,2825.52525083,"19900,12235047"
DEL,Delhi NCR,Delhi,6931,"Dwarka-Sector 8, Delhi - DPCC ",28.5710274,77.0719006,14227.74199231,"12235020,20150"
DEL,Delhi NCR,Delhi,6932,"Alipur, Delhi - DPCC",28.815329,77.15301,22985.08120961,"12235698,19935"
DEL,Delhi NCR,Delhi,6934,"Dr. Karni Singh Shooting Range, Delhi - DPCC",28.498571,77.26484,13900.6763242,"19919,12235011"
DEL,Delhi NCR,Delhi,6938,"Vivek Vihar, Delhi - DPCC",28.672342,77.31526,12242.91664073,"12235133,19934"
DEL,Delhi NCR,Delhi,6957,"Jawaharlal Nehru Stadium, Delhi - DPCC",28.58028,77.233829,4447.68463426,"12235038,20020"
DEL,Delhi NCR,Delhi,6960,"Patparganj, Delhi - DPCC",28.623748,77.287205,7725.48579597,"12235101,20049"
DEL,Delhi NCR,Delhi,6980,"Sector-1, Noida - UPPCB",28.589247,77.321962,11381.65633832,"12235951,20206"
DEL,Delhi NCR,Delhi,6986,"Knowledge Park - V, Greater Noida - UPPCB",28.557054,77.453663,24749.48981625,"12235935,20242"
DEL,Delhi NCR,Delhi,6988,"Sector-116, Noida - UPPCB",28.56923,77.393848,18747.23443647,12235942
DEL,Delhi NCR,Delhi,7005,"Loni, Ghaziabad - UPPCB",28.757294,77.278792,17294.35750687,"12235787,20290"
DEL,Delhi NCR,Delhi,7044,"R K Puram, Delhi - DPCC",28.563262000000005,77.186937,6012.85150593,20411
DEL,Delhi NCR,Delhi,8118,New Delhi,28.63576,77.22445,2855.21754908,23534
DEL,Delhi NCR,Delhi,8235,"Jahangirpuri, Delhi - DPCC",28.73282,77.170633,13703.08615242,"23997,12235029"
DEL,Delhi NCR,Delhi,8239,"Okhla Phase-2, Delhi - DPCC",28.530785,77.271255,11043.13595247,"24007,12235074"
DEL,Delhi NCR,Delhi,8365,"Nehru Nagar, Delhi - DPCC",28.56789,77.250515,6518.7439915,"12235083,35010"
DEL,Delhi NCR,Delhi,8472,"Bawana, Delhi - DPCC",28.7762,77.051074,23701.09341552,"36391,12235294"
DEL,Delhi NCR,Delhi,8475,"Sonia Vihar, Delhi - DPCC",28.710508,77.249485,11415.07927548,"35050,12235110"
DEL,Delhi NCR,Delhi,8915,"Wazirpur, Delhi - DPCC",28.699793,77.165453,10428.06164817,"12235124,34731"
DEL,Delhi NCR,Delhi,8917,"Ashok Vihar, Delhi - DPCC",28.695381,77.181665,9417.63992088,"12235002,26032"
DEL,Delhi NCR,Delhi,10484,"Sri Aurobindo Marg, Delhi - DPCC",28.531346,77.190156,9333.25941224,"34772,12235312"
DEL,Delhi NCR,Delhi,10486,"Mundka, Delhi - DPCC",28.684678,77.076574,15137.76620862,"12235303,34767"
DEL,Delhi NCR,Delhi,10487,"Anand Vihar, Delhi - DPCC",28.646835,77.316032,11084.23398086,34771
DEL,Delhi NCR,Delhi,10489,"ITO, Delhi - CPCB",28.628624,77.24106,3534.4722098,35016
DEL,Delhi NCR,Delhi,10820,"Sector 30, Faridabad - HSPCB",28.4417,77.3217,22043.18352807,12236236
DEL,Delhi NCR,Delhi,10831,"Rohini, Delhi - DPCC",28.732528,77.11992,15769.31072171,"12235092,36399"
DEL,Delhi NCR,Delhi,10900,"Teri Gram, Gurugram - HSPCB",28.4275,77.1465,21545.15654832,"12236251,36539"
DEL,Delhi NCR,Delhi,10921,"NISE Gwal Pahari, Gurugram - IMD",28.422681,77.148944,21992.65183227,"36701,12235707"
DEL,Delhi NCR,Delhi,11603,"Chandni Chowk, Delhi - IITM",28.656756,77.227234,5073.32071498,"12236361,39410"
DEL,Delhi NCR,Delhi,11607,"Lodhi Road, Delhi - IITM",28.588333,77.221667,3092.59786613,"39433,12236376"
DEL,Delhi NCR,Delhi,2860223,GK1 (Oberoi Terrace),28.5500047,77.2431058,7828.10347133,9320367
DEL,Delhi NCR,Delhi,3409496,"New Moti Bagh, Delhi - MHUA",28.57834,77.184,4638.10656952,15646335
DEL,Delhi NCR,Delhi,4663956,"Santushti Apartments, Vasant Kunj",28.5266,77.1493,11301.75189936,13273790
DEL,Delhi NCR,Delhi,4712609,Air Check,28.623056,77.234167,2662.18157508,15289075
DEL,Delhi NCR,Delhi,6105800,"Sector 1, Noida extension",28.583491,77.431714,22043.45036296,14453757
DEL,Delhi NCR,Delhi,6119272,"Sector - 5, Vasundhara, Ghaziabad, Uttar Pradesh ",28.658398,77.3780531,17249.71701819,14551755
DEL,Delhi NCR,Delhi,6145551,Anand Lok,28.5587,77.21886,6193.32948013,14745878
DEL,Delhi NCR,Delhi,6148686,"IIT Delhi, Delhi - IITM",28.54246,77.191651,8097.49084905,14769474
DEL,Delhi NCR,Delhi,6254594,"Talkatora Garden, Delhi - DPCC",28.62181,77.1944633,1670.18980322,15554208
DEL,Delhi NCR,Delhi,6254663,"JNU, Delhi - DPCC",28.540721,77.168544,9024.56477572,15554704
DEL,Delhi NCR,Delhi,6254665,"Commonwealth Sports Complex, Delhi - DPCC",28.615828,77.271992,6164.18997059,15554728
DEL,Delhi NCR,Delhi,6254666,"IGNOU_Maidan Garhi, Delhi - DPCC",28.493624,77.201159,13352.06530753,15554740
DEL,Delhi NCR,Delhi,6257818,"Cantonment Area, Delhi - DPCC",28.594169,77.1251,8492.45588418,15578291
DEL,Delhi NCR,Delhi,6299494,"Prashant Garden, Khora - UPPCB",28.61119,77.34206,13016.73943946,15888918
DEL,Delhi NCR,Delhi,6299678,"Ved Vihar-Loni, Ghaziabad - UPPCB",28.739153,77.273668,15253.09234465,15890341
LKO,Lucknow,Uttar Pradesh,354,"Lalbagh, DN Park",26.84578611,80.93874444,747.89128662,14362
LKO,Lucknow,Uttar Pradesh,2456,"Talkatora District Industries Center, Lucknow - CPCB",26.83399722,80.8917361,5593.40101333,"14237,12235574"
LKO,Lucknow,Uttar Pradesh,2463,Central School,26.85272778,80.99632778,5026.59296054,5326
LKO,Lucknow,Uttar Pradesh,5604,"Nishant Ganj, Lucknow - UPPCB",26.871428,80.957145,2947.89843501,14845
LKO,Lucknow,Uttar Pradesh,5657,"Central School, Lucknow - CPCB",26.8821003,80.9302753,4229.6021032,15172
LKO,Lucknow,Uttar Pradesh,5659,"Lalbagh, Lucknow - CPCB",26.8458805,80.9365541,962.99147931,"15143,12235522"
LKO,Lucknow,Uttar Pradesh,7140,"Gomti Nagar, Lucknow - UPPCB",26.86812,81.005119,6318.07375604,"36687,12235985"
LKO,Lucknow,Uttar Pradesh,227386,"B R Ambedkar University, Lucknow - UPPCB",26.766433000000003,80.927299,9089.99300616,"12236621,1311823"
LKO,Lucknow,Uttar Pradesh,229404,"Kukrail Picnic Spot-1, Lucknow - UPPCB",26.90723,80.98579000000001,7775.34363062,"12236630,1321498"
LKO,Lucknow,Uttar Pradesh,3409318,"Central School, Lucknow - CPCB",26.8821003,80.9302753,4229.6021032,12235478
KAN,Kanpur,Uttar Pradesh,12,SPARTAN - IIT Kanpur,26.519,80.233,12483.85938049,23
KAN,Kanpur,Uttar Pradesh,2595,Nehru Nagar,26.470308800000005,80.3251749,2358.55521991,5391
KAN,Kanpur,Uttar Pradesh,5662,"Nehru Nagar, Kanpur - UPPCB",26.4703136,80.3229863,2430.13898023,"12235513,15183"
KAN,Kanpur,Uttar Pradesh,12045,"IITK, Kanpur - IITK",26.511738999999995,80.235136,11833.29518728,40642
KAN,Kanpur,Uttar Pradesh,229252,"NSI Kalyanpur, Kanpur - UPPCB",26.509953999999997,80.249612,10563.58266195,"1320643,12236693"
KAN,Kanpur,Uttar Pradesh,234568,"FTI Kidwai Nagar, Kanpur - UPPCB",26.428282,80.327067,2443.18945459,"1349388,12236815"
KAN,Kanpur,Uttar Pradesh,1285345,SPARTAN - IIT Kanpur,26.5128,80.2316,12189.25658221,6566245
MUM,Mumbai,Maharashtra,2598,Navi Mumbai Municipal Corporation Airoli,19.1494,72.9986,15094.47187158,5404
MUM,Mumbai,Maharashtra,5593,"Pimpleshwar Mandir, Thane - MPCB",19.192056,72.9585188,15405.62634777,14806
MUM,Mumbai,Maharashtra,6927,"Colaba, Mumbai - MPCB",18.91,72.82,19353.26222707,"20143,12235926"
MUM,Mumbai,Maharashtra,6943,"Mahape, Navi Mumbai - MPCB",19.1135051,73.008978,14425.00817037,"20046,12235905"
MUM,Mumbai,Maharashtra,6945,"Kurla, Mumbai - MPCB",19.0863,72.8888,1632.34337709,"19978,12235834"
MUM,Mumbai,Maharashtra,6948,"Chhatrapati Shivaji Intl. Airport (T2), Mumbai - MPCB",19.10078,72.87462,2762.05986174,"19981,12235860"
MUM,Mumbai,Maharashtra,6956,"Powai, Mumbai - MPCB",19.1375,72.915056,7860.97654448,"20079,12235896"
MUM,Mumbai,Maharashtra,6959,"Siddharth Nagar-Worli, Mumbai - IITM",19.000083,72.813993,10751.39492074,"20033,12236435"
MUM,Mumbai,Maharashtra,6965,"Borivali East, Mumbai - MPCB",19.227474,72.864394,16825.57052359,"12252658,20087"
MUM,Mumbai,Maharashtra,6967,"Sion, Mumbai - MPCB",19.047,72.8746,3226.6311659,"20096,12243930"
MUM,Mumbai,Maharashtra,6987,"Vile Parle West, Mumbai - MPCB",19.10861,72.83622,5664.27857015,"20251,12235851"
MUM,Mumbai,Maharashtra,7850,"Bandra, Mumbai - MPCB",19.0627,72.84614,3633.27527806,36447
MUM,Mumbai,Maharashtra,8039,Mumbai,19.07283,72.88261,624.6300345,23320
MUM,Mumbai,Maharashtra,11602,"Bandra Kurla Complex, Mumbai - IITM",19.053536000000005,72.84643,4124.95224588,39404
MUM,Mumbai,Maharashtra,11604,"Deonar, Mumbai - IITM",19.04946,72.923,5600.34155258,39416
MUM,Mumbai,Maharashtra,11606,"Borivali East, Mumbai - IITM",19.23241,72.86895,17338.08602969,"39428,12236418"
MUM,Mumbai,Maharashtra,11611,"Malad West, Mumbai - IITM",19.19709,72.82204,14627.1811464,"39454,12236426"
MUM,Mumbai,Maharashtra,11612,"Sector-19A Nerul, Navi Mumbai - IITM",19.044,73.03250000000001,16673.93954344,39460
MUM,Mumbai,Maharashtra,12024,"Chakala-Andheri East, Mumbai - IITM",19.11074,72.86084,4235.04683495,"12442196,40571"
MUM,Mumbai,Maharashtra,12039,"Khindipada-Bhandup West, Mumbai - IITM",19.164394,72.928297,11139.12815623,"12236394,40608"
MUM,Mumbai,Maharashtra,12040,"Mulund West, Mumbai - MPCB",19.175,72.9419,12873.14149117,"12236481,40641"
MUM,Mumbai,Maharashtra,12044,"Kandivali East, Mumbai - MPCB",19.2058,72.8682,14402.76780295,"40650,12236472"
MUM,Mumbai,Maharashtra,60661,"Siddharth Nagar-Worli, Mumbai - IITM",19.000083,72.813993,10751.39492074,389761
MUM,Mumbai,Maharashtra,3409322,"Pimpleshwar Mandir, Thane - MPCB",19.192056,72.9585188,15405.62634777,12235644
MUM,Mumbai,Maharashtra,3409323,"Worli, Mumbai - MPCB",18.9936162,72.8128113,11393.91954551,12235914
MUM,Mumbai,Maharashtra,3409328,"Bandra Kurla Complex, Mumbai - IITM",19.0627,72.84614,3633.27527806,12708246
MUM,Mumbai,Maharashtra,3409329,"Deonar, Mumbai - IITM",19.04946,72.923,5600.34155258,12236385
MUM,Mumbai,Maharashtra,3409469,"Kasarvadavali, Thane - MPCB",19.26777,72.97182,23422.79372213,12238258
MUM,Mumbai,Maharashtra,3409471,"Sector-2E Kalamboli, Navi Mumbai - MPCB",19.02579,73.10297,24354.5598231,12238276
MUM,Mumbai,Maharashtra,3409472,"Upvan Fort, Thane - MPCB",19.222279,72.957979,18262.19865187,12238285
MUM,Mumbai,Maharashtra,3409476,"CBD Belapur, Belapur - MPCB",19.0243902,73.0406721,18080.74896006,12238321
MUM,Mumbai,Maharashtra,3409477,"Kopripada-Vashi, Navi Mumbai - MPCB",19.090337,73.014232,14455.94755414,12238330
MUM,Mumbai,Maharashtra,3409478,"Bhayandar West, Mira-Bhayandar - MPCB",19.296481,72.840923,24710.60062131,12238339
MUM,Mumbai,Maharashtra,3409479,"Mindspace-Malad West, Mumbai - MPCB",19.1878657,72.8304069,13345.08760063,12238348
MUM,Mumbai,Maharashtra,3409482,"Bandra Kurla Complex, Mumbai - MPCB",19.065931,72.862131,1981.72992894,12238375
MUM,Mumbai,Maharashtra,3409483,"Chembur, Mumbai - MPCB",19.0364585,72.8954371,4758.49170003,12238384
MUM,Mumbai,Maharashtra,3409486,"Kherwadi_Bandra East, Mumbai - MPCB",19.0632143,72.8456324,3659.78623126,12238411
MUM,Mumbai,Maharashtra,3409487,"Sanpada, Navi Mumbai - MPCB",19.0575752,73.0151367,14608.27234408,12243949
MUM,Mumbai,Maharashtra,3409510,"Byculla, Mumbai - BMC",18.9767,72.838,11759.52036026,12238567
MUM,Mumbai,Maharashtra,3409511,"Shivaji Nagar, Mumbai - BMC",19.060498,72.923356,5102.44423724,12238576
MUM,Mumbai,Maharashtra,3409512,"Kandivali West, Mumbai - BMC",19.215859,72.831718,16219.65304534,12238585
MUM,Mumbai,Maharashtra,3409513,"Sewri, Mumbai - BMC",19.000084,72.85673,8688.43751288,12238594
MUM,Mumbai,Maharashtra,3409514,"Ghatkopar, Mumbai - BMC",19.083694,72.920967,4632.45448694,12238603
PUN,Pune,Maharashtra,2585,AAQMS Karve Road Pune,18.497484,73.81349,5220.47290135,5354
PUN,Pune,Maharashtra,5661,"Karve Road Pune, Pune - MPCB",18.5011743,73.8165527,4743.51135104,"15154,12235540"
PUN,Pune,Maharashtra,11608,"Bhosari, Pune - IITM",18.640051,73.848956,13269.02326265,39439
PUN,Pune,Maharashtra,11609,"Mhada Colony, Pune - IITM",18.57304,73.927715,9495.18543816,"39444,12236443"
PUN,Pune,Maharashtra,11610,"Transport Nagar-Nigdi, Pune - IITM",18.664282,73.763966,18693.12637018,12236457
PUN,Pune,Maharashtra,11613,"Revenue Colony-Shivajinagar, Pune - IITM",18.530085,73.849598,1308.24268876,"39466,12236463"
PUN,Pune,Maharashtra,12042,"Alandi, Pune - IITM",18.675076,73.892743,17538.19379243,40606
PUN,Pune,Maharashtra,60658,"Hadapsar, Pune - IITM",18.501793,73.927532,7757.92735601,"389762,12236449"
PUN,Pune,Maharashtra,60660,"MIT-Kothrud, Pune - IITM",18.517754,73.8214883,3729.54896115,389757
PUN,Pune,Maharashtra,3409331,"Bhosari, Pune - IITM",18.640051,73.848956,13269.02326265,12304615
PUN,Pune,Maharashtra,3409435,"Gavalinagar, Pimpri Chinchwad - MPCB",18.63673,73.82487,13307.34556626,12237987
PUN,Pune,Maharashtra,3409436,"Park Street Wakad, Pimpri Chinchwad - MPCB",18.59051,73.77946,11256.59701225,12237996
PUN,Pune,Maharashtra,3409437,"Thergaon, Pimpri Chinchwad - MPCB",18.616318,73.765797,14310.72003718,12243017
PUN,Pune,Maharashtra,3409438,"Katraj Dairy, Pune - MPCB",18.45445,73.854155,7304.68922684,12248370
PUN,Pune,Maharashtra,3409439,"Savitribai Phule Pune University, Pune - MPCB",18.547056,73.826908,4312.6959628,12238005
PUN,Pune,Maharashtra,3409523,"Bhumkar Nagar, Pune - IITM",18.60577,73.749976,14704.31853464,12238676
PUN,Pune,Maharashtra,3409526,"Panchawati_Pashan, Pune - IITM",18.536457,73.805454,5695.2311027,12238693
PUN,Pune,Maharashtra,3409528,"Savta Mali Nagar, Pimpri-Chinchwad - IITM",18.614767,73.799516,12064.00549479,12238710
PUN,Pune,Maharashtra,3410005,"Dhankawadi, Pune - IITM",18.459883,73.852193,6715.27732136,12238734
KOL,Kolkata,West Bengal,716,"Rabindra Bharati University, Kolkata - WBSPCB",22.627875,88.3804,6351.83448442,1242
KOL,Kolkata,West Bengal,910,Victoria Memorial - WBSPCB,22.572646,88.36389499999996,5.11983963,13556
KOL,Kolkata,West Bengal,2460,US Diplomatic Post: Kolkata,22.547142,88.351048,3113.67775487,4724
KOL,Kolkata,West Bengal,5614,"Padmapukur, Howrah - WBPCB",22.5687319,88.2797276,8667.20943611,"14883,12234975"
KOL,Kolkata,West Bengal,6310,"Rabindra Bharati University, Kolkata - WBPCB",22.5824635,88.35724470000001,1288.9838743,1715600
KOL,Kolkata,West Bengal,6946,"Belur Math, Howrah - WBPCB",22.629801,88.352017,6451.11335575,"12235814,20038"
KOL,Kolkata,West Bengal,6950,"Jadavpur, Kolkata - WBPCB",22.49929,88.36917,8136.2526838,"19997,12235887"
KOL,Kolkata,West Bengal,6981,"Fort William, Kolkata - WBPCB",22.55664,88.342674,2808.80322413,"12235878,20203"
KOL,Kolkata,West Bengal,8172,US Diplomatic Post: Kolkata,22.56263,88.36304,1107.59513784,5077640
KOL,Kolkata,West Bengal,10633,"Victoria, Kolkata - WBPCB",22.5448082,88.3403691,3915.24085393,"12235680,35356"
KOL,Kolkata,West Bengal,10844,"Ghusuri, Howrah - WBPCB",22.611968,88.347422,4677.24663549,"36270,12235496"
KOL,Kolkata,West Bengal,10851,"Bidhannagar, Kolkata - WBPCB",22.58157048,88.41002457,4846.31224931,"36317,12235994"
KOL,Kolkata,West Bengal,10904,"Rabindra Sarobar, Kolkata - WBPCB",22.51106,88.35142,6934.6572958,"12235967,36609"
KOL,Kolkata,West Bengal,10918,"Ballygunge, Kolkata - WBPCB",22.5367507,88.3638022,3969.88652517,"36640,12236012"
KOL,Kolkata,West Bengal,1236037,Dhopagachi,22.3743,88.415,22580.05156774,6530267
KOL,Kolkata,West Bengal,3409320,"Rabindra Bharati University, Kolkata - WBPCB",22.627875,88.3804,6351.83448442,12235565
KOL,Kolkata,West Bengal,3409509,"SVSPA Campus, Barrackpore - WBPCB",22.7605581,88.3617589,20815.52589537,12238558
KOL,Kolkata,West Bengal,3409524,"Botanical Garden, Howrah - WBPCB",22.554954,88.292568,7592.20524886,12243958
KOL,Kolkata,West Bengal,3409530,"Dasnagar, Howrah - WBPCB",22.6025571,88.3105664,6409.63350034,12244866
BLR,Bengaluru,Karnataka,412,"Peenya, Bengaluru - KSPCB",13.0339,77.51321111,11200.94027475,13852
BLR,Bengaluru,Karnataka,594,"BTM Layout, Bengaluru - KSPCB",12.912811110000002,77.60921944,6694.48424303,13836
BLR,Bengaluru,Karnataka,2592,"BWSSB Kadabesanahalli, Bengaluru - KSPCB",12.93890556,77.69727222,11712.8259487,13898
BLR,Bengaluru,Karnataka,5547,"BWSSB Kadabesanahalli, Bengaluru - CPCB",12.9352049,77.6814488,10247.66666058,14641
BLR,Bengaluru,Karnataka,5548,"BTM Layout, Bengaluru - CPCB",12.9135218,77.5950804,6425.4026531,"12235361,14635"
BLR,Bengaluru,Karnataka,5607,"Peenya, Bengaluru - CPCB",13.0270199,77.494094,12508.99094778,"14859,12235370"
BLR,Bengaluru,Karnataka,6973,"Jayanagar 5th Block, Bengaluru - KSPCB",12.920984,77.584908,5697.54897233,"20162,12235267"
BLR,Bengaluru,Karnataka,6974,"Bapuji Nagar, Bengaluru - KSPCB",12.951913,77.539784,6333.84867243,"20165,12235240"
BLR,Bengaluru,Karnataka,6975,"Silk Board, Bengaluru - KSPCB",12.917348,77.622813,6737.56032979,"20156,12235285"
BLR,Bengaluru,Karnataka,6983,"Hombegowda Nagar, Bengaluru - KSPCB",12.938539,77.5901,3689.98907492,"20199,12235258"
BLR,Bengaluru,Karnataka,6984,"Hebbal, Bengaluru - KSPCB",13.029152,77.585901,6436.56338043,"12235249,20212"
BLR,Bengaluru,Karnataka,229473,blore_India_07_14_official,13.003347077,77.628012188,5047.3110217,1321837
BLR,Bengaluru,Karnataka,2498781,SiriJaya,12.909153635368195,77.52476183092863,10254.52919094,7951363
BLR,Bengaluru,Karnataka,3409312,"BWSSB Kadabesanahalli, Bengaluru - CPCB",12.9352049,77.6814488,10247.66666058,14406995
BLR,Bengaluru,Karnataka,3409385,"RVCE-Mailasandra, Bengaluru - KSPCB",12.921418,77.502466,11435.29974525,12237573
BLR,Bengaluru,Karnataka,3409388,"Kasturi Nagar, Bengaluru - KSPCB",13.003872,77.664217,8354.09315747,12237600
BLR,Bengaluru,Karnataka,3409393,"Shivapura_Peenya, Bengaluru - KSPCB",13.0246342,77.5080115,11075.36857428,12237645
BLR,Bengaluru,Karnataka,3409434,"Jigani, Bengaluru - KSPCB",12.7816279,77.6299145,21363.17443795,12243008
BLR,Bengaluru,Karnataka,6119271,Kumaraswamy Layout,12.9044,77.5649,8102.82169756,14551750
BLR,Bengaluru,Karnataka,6146655,Bellandur,12.9178128,77.6955288,12463.82514716,14754075
BLR,Bengaluru,Karnataka,6206921,Koramangala,12.9370223,77.6115928,4246.50066873,15203555
CHE,Chennai,Tamil Nadu,378,Alandur Bus Depot,12.99711389,80.19151667,12783.56006329,14304
CHE,Chennai,Tamil Nadu,2461,US Diplomatic Post: Chennai,13.052371,80.251932,3924.46876464,4725
CHE,Chennai,Tamil Nadu,2549,IIT,12.992513890000001,80.23744722,10609.30270551,14320
CHE,Chennai,Tamil Nadu,2586,"Manali, Chennai - CPCB",13.164544,80.26285,9094.44810522,"12235653,14319"
CHE,Chennai,Tamil Nadu,5655,"Velachery Res. Area, Chennai - CPCB",13.0052189,80.2398125,9203.25062234,"12235531,15136"
CHE,Chennai,Tamil Nadu,8558,Chennai,13.08784,80.278475,1017.00990678,5077812
CHE,Chennai,Tamil Nadu,10780,"Manali Village, Chennai - TNPCB",13.1662,80.2584,9333.51362467,"36018,12235796"
CHE,Chennai,Tamil Nadu,11578,"Royapuram, Chennai - TNPCB",13.1036,80.2909,3185.09736365,"39321,12236299"
CHE,Chennai,Tamil Nadu,11579,"Kodungaiyur, Chennai - TNPCB",13.1278,80.2642,5039.01600148,"12236308,39326"
CHE,Chennai,Tamil Nadu,11581,"Arumbakkam, Chennai - TNPCB",13.0664,80.2112,6700.14204227,"12236274,39335"
CHE,Chennai,Tamil Nadu,12046,"Perungudi, Chennai - TNPCB",12.9533,80.2357,14810.51679846,12236290
