city_id,city_name,state,timestamp,temperature_2m,relative_humidity_2m,wind_speed_10m,wind_direction_10m,precipitation,surface_pressure
DEL,Delhi NCR,Delhi,2026-08-25T00:00,28.2,91,2.4,163,0.0,979.8
DEL,Delhi NCR,Delhi,2026-08-25T01:00,28.0,92,1.9,209,0.0,979.4
DEL,Delhi NCR,Delhi,2026-08-25T02:00,27.9,92,2.9,240,0.0,979.2
DEL,Delhi NCR,Delhi,2026-08-25T03:00,27.8,92,2.1,239,0.0,979.3
DEL,Delhi NCR,Delhi,2026-08-25T04:00,27.6,93,1.9,248,0.0,979.3
DEL,Delhi NCR,Delhi,2026-08-25T05:00,27.6,93,2.1,290,0.0,979.2
DEL,Delhi NCR,Delhi,2026-08-25T06:00,27.7,93,0.6,236,0.0,979.5
DEL,Delhi NCR,Delhi,2026-08-25T07:00,27.9,91,2.6,129,0.0,980.6
DEL,Delhi NCR,Delhi,2026-08-25T08:00,27.6,93,4.3,24,0.8,980.9
DEL,Delhi NCR,Delhi,2026-08-25T09:00,28.3,83,5.0,38,0.6,981.6
DEL,Delhi NCR,Delhi,2026-08-25T10:00,29.5,81,2.3,58,1.0,981.6
DEL,Delhi NCR,Delhi,2026-08-25T11:00,30.6,77,2.3,29,0.2,981.4
DEL,Delhi NCR,Delhi,2026-08-25T12:00,31.3,74,1.7,13,0.1,981.0
DEL,Delhi NCR,Delhi,2026-08-25T13:00,31.3,74,3.0,327,0.1,979.8
DEL,Delhi NCR,Delhi,2026-08-25T14:00,31.5,73,1.3,16,0.1,978.9
DEL,Delhi NCR,Delhi,2026-08-25T15:00,31.6,72,1.9,17,0.0,978.1
DEL,Delhi NCR,Delhi,2026-08-25T16:00,31.5,66,1.0,45,0.1,977.6
DEL,Delhi NCR,Delhi,2026-08-25T17:00,31.2,68,0.8,63,0.0,977.6
DEL,Delhi NCR,Delhi,2026-08-25T18:00,30.0,80,2.7,37,0.0,977.8
DEL,Delhi NCR,Delhi,2026-08-25T19:00,29.6,83,0.9,270,0.0,978.2
DEL,Delhi NCR,Delhi,2026-08-25T20:00,29.2,85,3.0,194,0.0,979.1
DEL,Delhi NCR,Delhi,2026-08-25T21:00,28.7,88,3.6,200,0.0,979.4
DEL,Delhi NCR,Delhi,2026-08-25T22:00,28.4,90,3.6,198,0.0,979.5
DEL,Delhi NCR,Delhi,2026-08-25T23:00,28.0,92,3.6,237,0.0,979.4
DEL,Delhi NCR,Delhi,2026-08-26T00:00,27.8,92,3.7,219,0.0,979.3
DEL,Delhi NCR,Delhi,2026-08-26T01:00,27.7,92,4.0,249,0.0,978.9
DEL,Delhi NCR,Delhi,2026-08-26T02:00,27.6,91,3.1,187,0.0,978.6
DEL,Delhi NCR,Delhi,2026-08-26T03:00,27.3,93,2.7,180,0.0,978.1
DEL,Delhi NCR,Delhi,2026-08-26T04:00,27.2,93,2.4,243,0.0,977.9
DEL,Delhi NCR,Delhi,2026-08-26T05:00,27.1,94,2.8,342,0.0,978.4
DEL,Delhi NCR,Delhi,2026-08-26T06:00,27.3,93,2.8,325,0.0,978.9
DEL,Delhi NCR,Delhi,2026-08-26T07:00,28.1,90,1.5,30,0.0,979.5
DEL,Delhi NCR,Delhi,2026-08-26T08:00,27.6,89,6.3,162,0.0,980.0
DEL,Delhi NCR,Delhi,2026-08-26T09:00,27.3,91,4.2,280,2.3,980.3
DEL,Delhi NCR,Delhi,2026-08-26T10:00,28.5,85,0.2,180,0.7,980.5
DEL,Delhi NCR,Delhi,2026-08-26T11:00,30.5,77,1.0,22,0.1,980.3
DEL,Delhi NCR,Delhi,2026-08-26T12:00,31.6,74,1.3,344,0.0,979.5
DEL,Delhi NCR,Delhi,2026-08-26T13:00,32.0,71,1.8,11,0.1,978.5
DEL,Delhi NCR,Delhi,2026-08-26T14:00,32.3,70,1.8,354,0.0,977.6
DEL,Delhi NCR,Delhi,2026-08-26T15:00,32.6,66,2.3,331,0.0,976.8
DEL,Delhi NCR,Delhi,2026-08-26T16:00,32.4,65,4.2,310,0.0,975.9
DEL,Delhi NCR,Delhi,2026-08-26T17:00,32.1,68,3.9,336,0.0,975.5
DEL,Delhi NCR,Delhi,2026-08-26T18:00,31.3,78,2.0,333,0.0,975.6
DEL,Delhi NCR,Delhi,2026-08-26T19:00,30.3,82,2.2,189,0.0,975.9
DEL,Delhi NCR,Delhi,2026-08-26T20:00,29.6,85,4.9,178,0.0,976.9
DEL,Delhi NCR,Delhi,2026-08-26T21:00,29.0,89,7.0,181,0.0,977.7
DEL,Delhi NCR,Delhi,2026-08-26T22:00,28.5,90,7.0,180,0.0,978.1
DEL,Delhi NCR,Delhi,2026-08-26T23:00,28.2,91,6.5,193,0.0,977.8
DEL,Delhi NCR,Delhi,2026-08-27T00:00,27.9,92,6.8,192,0.0,977.4
DEL,Delhi NCR,Delhi,2026-08-27T01:00,27.7,92,6.5,204,0.0,976.9
DEL,Delhi NCR,Delhi,2026-08-27T02:00,27.6,91,6.1,210,0.0,976.5
DEL,Delhi NCR,Delhi,2026-08-27T03:00,27.6,90,5.4,188,0.0,976.8
DEL,Delhi NCR,Delhi,2026-08-27T04:00,27.5,90,6.4,209,0.0,976.6
DEL,Delhi NCR,Delhi,2026-08-27T05:00,27.2,90,4.3,237,0.0,976.8
DEL,Delhi NCR,Delhi,2026-08-27T06:00,27.3,89,6.3,255,0.0,977.4
DEL,Delhi NCR,Delhi,2026-08-27T07:00,28.1,86,2.3,356,0.0,978.2
DEL,Delhi NCR,Delhi,2026-08-27T08:00,29.1,80,2.3,315,0.0,978.8
DEL,Delhi NCR,Delhi,2026-08-27T09:00,30.4,74,3.7,299,0.0,979.1
DEL,Delhi NCR,Delhi,2026-08-27T10:00,31.6,69,3.8,295,0.0,979.3
DEL,Delhi NCR,Delhi,2026-08-27T11:00,32.7,65,4.5,293,0.0,978.8
DEL,Delhi NCR,Delhi,2026-08-27T12:00,33.7,60,5.4,300,0.0,977.8
DEL,Delhi NCR,Delhi,2026-08-27T13:00,34.4,55,6.6,305,0.0,976.9
DEL,Delhi NCR,Delhi,2026-08-27T14:00,34.7,52,8.4,305,0.0,975.9
DEL,Delhi NCR,Delhi,2026-08-27T15:00,34.6,53,8.4,305,0.0,974.9
DEL,Delhi NCR,Delhi,2026-08-27T16:00,34.3,55,7.7,306,0.0,974.4
DEL,Delhi NCR,Delhi,2026-08-27T17:00,33.5,62,6.1,310,0.0,974.3
DEL,Delhi NCR,Delhi,2026-08-27T18:00,32.3,71,3.1,306,0.0,974.6
DEL,Delhi NCR,Delhi,2026-08-27T19:00,31.7,72,1.3,286,0.0,975.2
DEL,Delhi NCR,Delhi,2026-08-27T20:00,31.3,74,0.8,135,0.0,976.0
DEL,Delhi NCR,Delhi,2026-08-27T21:00,30.5,78,2.5,150,0.0,976.6
DEL,Delhi NCR,Delhi,2026-08-27T22:00,29.9,80,5.1,184,0.0,976.6
DEL,Delhi NCR,Delhi,2026-08-27T23:00,29.5,80,5.8,178,0.0,976.7
DEL,Delhi NCR,Delhi,2026-08-28T00:00,29.1,81,4.7,189,0.0,976.3
DEL,Delhi NCR,Delhi,2026-08-28T01:00,28.8,82,5.3,208,0.0,976.1
DEL,Delhi NCR,Delhi,2026-08-28T02:00,28.5,80,7.0,249,0.0,975.8
DEL,Delhi NCR,Delhi,2026-08-28T03:00,28.4,75,8.6,270,0.0,976.0
DEL,Delhi NCR,Delhi,2026-08-28T04:00,28.0,75,8.7,275,0.0,976.3
DEL,Delhi NCR,Delhi,2026-08-28T05:00,27.4,77,8.0,278,0.0,976.6
DEL,Delhi NCR,Delhi,2026-08-28T06:00,27.3,78,7.7,279,0.0,977.2
DEL,Delhi NCR,Delhi,2026-08-28T07:00,28.1,76,7.7,282,0.0,977.9
DEL,Delhi NCR,Delhi,2026-08-28T08:00,29.2,72,8.4,285,0.0,978.3
DEL,Delhi NCR,Delhi,2026-08-28T09:00,30.3,68,8.0,290,0.0,979.0
DEL,Delhi NCR,Delhi,2026-08-28T10:00,31.5,66,7.5,297,0.0,978.9
DEL,Delhi NCR,Delhi,2026-08-28T11:00,32.6,63,6.0,295,0.0,978.3
DEL,Delhi NCR,Delhi,2026-08-28T12:00,33.5,60,5.6,291,0.0,977.5
DEL,Delhi NCR,Delhi,2026-08-28T13:00,34.2,57,6.8,288,0.0,976.5
DEL,Delhi NCR,Delhi,2026-08-28T14:00,34.5,55,8.7,297,0.0,975.7
DEL,Delhi NCR,Delhi,2026-08-28T15:00,34.4,54,8.3,300,0.0,975.2
DEL,Delhi NCR,Delhi,2026-08-28T16:00,34.0,56,8.7,300,0.1,975.0
DEL,Delhi NCR,Delhi,2026-08-28T17:00,33.3,62,6.9,295,0.0,974.9
DEL,Delhi NCR,Delhi,2026-08-28T18:00,32.5,67,4.6,291,0.0,975.3
DEL,Delhi NCR,Delhi,2026-08-28T19:00,31.6,73,1.6,270,0.0,976.2
DEL,Delhi NCR,Delhi,2026-08-28T20:00,30.8,78,1.5,173,0.0,976.8
DEL,Delhi NCR,Delhi,2026-08-28T21:00,30.2,81,2.4,163,0.0,977.1
DEL,Delhi NCR,Delhi,2026-08-28T22:00,29.8,83,3.1,173,0.0,977.3
DEL,Delhi NCR,Delhi,2026-08-28T23:00,29.3,83,3.5,189,0.0,977.2
DEL,Delhi NCR,Delhi,2026-08-29T00:00,28.9,83,4.0,216,0.0,977.0
DEL,Delhi NCR,Delhi,2026-08-29T01:00,28.5,81,5.4,240,0.0,976.7
DEL,Delhi NCR,Delhi,2026-08-29T02:00,28.0,80,6.8,252,0.0,976.5
DEL,Delhi NCR,Delhi,2026-08-29T03:00,27.4,80,7.4,257,0.0,976.4
DEL,Delhi NCR,Delhi,2026-08-29T04:00,26.8,80,7.4,263,0.0,976.5
DEL,Delhi NCR,Delhi,2026-08-29T05:00,26.5,80,7.6,267,0.0,976.7
DEL,Delhi NCR,Delhi,2026-08-29T06:00,26.9,79,7.9,269,0.0,977.2
DEL,Delhi NCR,Delhi,2026-08-29T07:00,27.7,76,8.3,270,0.0,977.9
DEL,Delhi NCR,Delhi,2026-08-29T08:00,28.7,73,8.3,272,0.0,978.5
DEL,Delhi NCR,Delhi,2026-08-29T09:00,30.0,69,8.0,279,0.0,978.8
DEL,Delhi NCR,Delhi,2026-08-29T10:00,31.6,64,7.6,289,0.0,979.0
DEL,Delhi NCR,Delhi,2026-08-29T11:00,33.0,60,7.5,294,0.0,978.8
DEL,Delhi NCR,Delhi,2026-08-29T12:00,33.9,56,7.5,290,0.0,978.1
DEL,Delhi NCR,Delhi,2026-08-29T13:00,34.5,53,7.5,280,0.0,977.1
DEL,Delhi NCR,Delhi,2026-08-29T14:00,34.8,51,7.6,273,0.0,976.2
DEL,Delhi NCR,Delhi,2026-08-29T15:00,34.7,52,7.7,270,0.0,975.5
DEL,Delhi NCR,Delhi,2026-08-29T16:00,34.3,53,7.9,267,0.0,975.0
DEL,Delhi NCR,Delhi,2026-08-29T17:00,33.7,57,7.4,264,0.0,974.8
DEL,Delhi NCR,Delhi,2026-08-29T18:00,32.9,62,5.6,255,0.0,975.0
DEL,Delhi NCR,Delhi,2026-08-29T19:00,31.9,69,3.7,231,0.0,975.4
DEL,Delhi NCR,Delhi,2026-08-29T20:00,31.0,75,3.3,202,0.0,975.8
DEL,Delhi NCR,Delhi,2026-08-29T21:00,30.3,76,4.0,198,0.0,976.1
DEL,Delhi NCR,Delhi,2026-08-29T22:00,29.8,75,4.9,208,0.0,976.3
DEL,Delhi NCR,Delhi,2026-08-29T23:00,29.3,75,5.8,219,0.0,976.3
DEL,Delhi NCR,Delhi,2026-08-30T00:00,28.9,76,6.8,233,0.0,975.9
DEL,Delhi NCR,Delhi,2026-08-30T01:00,28.6,76,8.4,245,0.0,975.3
DEL,Delhi NCR,Delhi,2026-08-30T02:00,28.3,76,9.7,252,0.0,975.0
DEL,Delhi NCR,Delhi,2026-08-30T03:00,27.8,76,10.4,255,0.0,975.0
DEL,Delhi NCR,Delhi,2026-08-30T04:00,27.4,76,10.5,257,0.0,975.0
DEL,Delhi NCR,Delhi,2026-08-30T05:00,27.3,75,10.6,259,0.0,975.3
DEL,Delhi NCR,Delhi,2026-08-30T06:00,27.8,73,10.5,263,0.0,975.9
DEL,Delhi NCR,Delhi,2026-08-30T07:00,28.6,70,10.3,268,0.0,976.6
DEL,Delhi NCR,Delhi,2026-08-30T08:00,29.6,67,9.7,272,0.0,977.2
DEL,Delhi NCR,Delhi,2026-08-30T09:00,30.9,63,8.9,278,0.0,977.6
DEL,Delhi NCR,Delhi,2026-08-30T10:00,32.5,59,7.8,285,0.0,977.9
DEL,Delhi NCR,Delhi,2026-08-30T11:00,33.8,55,7.1,286,0.0,977.8
DEL,Delhi NCR,Delhi,2026-08-30T12:00,34.7,53,6.9,277,0.0,977.2
DEL,Delhi NCR,Delhi,2026-08-30T13:00,35.5,50,7.5,262,0.0,976.2
DEL,Delhi NCR,Delhi,2026-08-30T14:00,35.8,49,8.3,254,0.0,975.5
DEL,Delhi NCR,Delhi,2026-08-30T15:00,35.7,48,9.2,254,0.0,974.9
DEL,Delhi NCR,Delhi,2026-08-30T16:00,35.2,49,10.2,257,0.0,974.4
DEL,Delhi NCR,Delhi,2026-08-30T17:00,34.5,51,10.0,257,0.0,974.2
DEL,Delhi NCR,Delhi,2026-08-30T18:00,33.8,55,7.8,255,0.0,974.8
DEL,Delhi NCR,Delhi,2026-08-30T19:00,33.0,63,4.8,245,0.0,975.6
DEL,Delhi NCR,Delhi,2026-08-30T20:00,32.1,69,2.7,217,0.0,976.3
DEL,Delhi NCR,Delhi,2026-08-30T21:00,31.2,74,2.9,176,0.0,976.7
DEL,Delhi NCR,Delhi,2026-08-30T22:00,30.2,77,4.3,158,0.0,976.9
DEL,Delhi NCR,Delhi,2026-08-30T23:00,29.6,80,5.3,152,0.0,977.1
DEL,Delhi NCR,Delhi,2026-08-31T00:00,29.4,78,3.1,204,0.0,976.8
DEL,Delhi NCR,Delhi,2026-08-31T01:00,28.7,78,3.6,225,0.0,976.7
DEL,Delhi NCR,Delhi,2026-08-31T02:00,28.1,78,4.5,241,0.0,976.6
DEL,Delhi NCR,Delhi,2026-08-31T03:00,27.6,77,5.9,252,0.0,976.4
DEL,Delhi NCR,Delhi,2026-08-31T04:00,27.3,75,7.1,260,0.0,976.4
DEL,Delhi NCR,Delhi,2026-08-31T05:00,27.4,73,7.8,265,0.0,976.4
DEL,Delhi NCR,Delhi,2026-08-31T06:00,28.1,70,7.9,270,0.0,976.7
DEL,Delhi NCR,Delhi,2026-08-31T07:00,29.2,66,7.6,277,0.0,977.0
DEL,Delhi NCR,Delhi,2026-08-31T08:00,30.5,62,7.3,286,0.0,977.5
DEL,Delhi NCR,Delhi,2026-08-31T09:00,31.9,58,7.1,294,0.0,977.9
DEL,Delhi NCR,Delhi,2026-08-31T10:00,33.2,55,6.9,300,0.0,978.2
DEL,Delhi NCR,Delhi,2026-08-31T11:00,34.0,53,6.7,304,0.0,978.3
DEL,Delhi NCR,Delhi,2026-08-31T12:00,34.4,52,6.6,303,0.2,978.0
DEL,Delhi NCR,Delhi,2026-08-31T13:00,34.7,52,6.8,299,0.2,977.5
DEL,Delhi NCR,Delhi,2026-08-31T14:00,34.8,52,6.8,292,0.2,976.7
DEL,Delhi NCR,Delhi,2026-08-31T15:00,34.7,52,6.7,284,0.2,976.0
DEL,Delhi NCR,Delhi,2026-08-31T16:00,34.5,53,6.5,278,0.2,975.5
DEL,Delhi NCR,Delhi,2026-08-31T17:00,34.1,55,5.9,272,0.2,975.3
DEL,Delhi NCR,Delhi,2026-08-31T18:00,33.4,58,4.7,263,0.1,975.4
DEL,Delhi NCR,Delhi,2026-08-31T19:00,32.5,63,3.0,245,0.1,975.9
DEL,Delhi NCR,Delhi,2026-08-31T20:00,31.4,69,2.1,195,0.1,976.6
DEL,Delhi NCR,Delhi,2026-08-31T21:00,30.3,75,3.2,146,0.1,977.2
DEL,Delhi NCR,Delhi,2026-08-31T22:00,29.3,82,4.8,132,0.1,977.8
DEL,Delhi NCR,Delhi,2026-08-31T23:00,28.5,87,5.9,125,0.1,978.3
LKO,Lucknow,Uttar Pradesh,2026-08-25T00:00,27.3,95,3.6,131,0.0,989.6
LKO,Lucknow,Uttar Pradesh,2026-08-25T01:00,27.2,95,3.1,114,0.0,989.4
LKO,Lucknow,Uttar Pradesh,2026-08-25T02:00,27.3,95,0.5,270,0.0,989.0
LKO,Lucknow,Uttar Pradesh,2026-08-25T03:00,27.2,96,1.6,297,0.0,989.1
LKO,Lucknow,Uttar Pradesh,2026-08-25T04:00,26.4,97,6.9,105,1.7,989.8
LKO,Lucknow,Uttar Pradesh,2026-08-25T05:00,26.4,97,6.3,15,1.1,989.2
LKO,Lucknow,Uttar Pradesh,2026-08-25T06:00,26.5,97,7.7,11,0.5,989.8
LKO,Lucknow,Uttar Pradesh,2026-08-25T07:00,26.6,96,9.2,356,0.2,990.2
LKO,Lucknow,Uttar Pradesh,2026-08-25T08:00,27.0,94,9.4,23,0.6,990.6
LKO,Lucknow,Uttar Pradesh,2026-08-25T09:00,27.1,93,9.6,56,1.7,990.7
LKO,Lucknow,Uttar Pradesh,2026-08-25T10:00,27.5,91,10.6,67,2.3,990.6
LKO,Lucknow,Uttar Pradesh,2026-08-25T11:00,29.1,86,10.3,57,0.3,990.4
LKO,Lucknow,Uttar Pradesh,2026-08-25T12:00,29.3,86,8.8,41,0.5,989.3
LKO,Lucknow,Uttar Pradesh,2026-08-25T13:00,30.0,83,9.0,29,0.5,988.7
LKO,Lucknow,Uttar Pradesh,2026-08-25T14:00,28.4,90,8.3,89,3.7,987.4
LKO,Lucknow,Uttar Pradesh,2026-08-25T15:00,27.2,93,7.8,86,4.6,987.2
LKO,Lucknow,Uttar Pradesh,2026-08-25T16:00,27.0,94,8.7,45,0.4,986.4
LKO,Lucknow,Uttar Pradesh,2026-08-25T17:00,27.4,92,6.1,23,0.2,986.8
LKO,Lucknow,Uttar Pradesh,2026-08-25T18:00,27.4,93,5.9,12,0.1,987.3
LKO,Lucknow,Uttar Pradesh,2026-08-25T19:00,27.4,95,6.8,29,0.3,987.8
LKO,Lucknow,Uttar Pradesh,2026-08-25T20:00,27.7,94,8.5,61,0.0,989.1
LKO,Lucknow,Uttar Pradesh,2026-08-25T21:00,27.5,96,7.5,82,1.0,989.3
LKO,Lucknow,Uttar Pradesh,2026-08-25T22:00,26.9,98,6.0,95,1.3,989.6
LKO,Lucknow,Uttar Pradesh,2026-08-25T23:00,26.2,98,4.8,103,2.6,989.5
LKO,Lucknow,Uttar Pradesh,2026-08-26T00:00,25.8,98,2.4,13,7.1,989.4
LKO,Lucknow,Uttar Pradesh,2026-08-26T01:00,25.7,98,5.0,19,0.5,988.6
LKO,Lucknow,Uttar Pradesh,2026-08-26T02:00,25.8,99,6.8,32,0.5,988.1
LKO,Lucknow,Uttar Pradesh,2026-08-26T03:00,26.4,96,6.3,66,0.4,987.7
LKO,Lucknow,Uttar Pradesh,2026-08-26T04:00,26.1,97,8.7,112,1.1,987.5
LKO,Lucknow,Uttar Pradesh,2026-08-26T05:00,25.5,98,7.0,136,1.3,988.1
LKO,Lucknow,Uttar Pradesh,2026-08-26T06:00,25.3,97,4.2,175,7.5,989.3
LKO,Lucknow,Uttar Pradesh,2026-08-26T07:00,25.8,95,8.0,84,2.4,989.2
LKO,Lucknow,Uttar Pradesh,2026-08-26T08:00,26.5,94,9.5,71,0.8,989.8
LKO,Lucknow,Uttar Pradesh,2026-08-26T09:00,27.6,89,9.7,89,0.5,990.1
LKO,Lucknow,Uttar Pradesh,2026-08-26T10:00,28.7,85,11.0,100,0.4,989.9
LKO,Lucknow,Uttar Pradesh,2026-08-26T11:00,30.0,80,8.5,92,0.2,989.5
LKO,Lucknow,Uttar Pradesh,2026-08-26T12:00,30.8,76,7.6,86,0.3,988.6
LKO,Lucknow,Uttar Pradesh,2026-08-26T13:00,27.8,90,6.8,132,3.2,987.7
LKO,Lucknow,Uttar Pradesh,2026-08-26T14:00,27.8,92,4.0,288,2.7,986.5
LKO,Lucknow,Uttar Pradesh,2026-08-26T15:00,29.0,87,5.7,316,0.2,985.2
LKO,Lucknow,Uttar Pradesh,2026-08-26T16:00,29.2,88,3.1,77,0.5,984.8
LKO,Lucknow,Uttar Pradesh,2026-08-26T17:00,28.2,94,6.5,354,2.1,985.5
LKO,Lucknow,Uttar Pradesh,2026-08-26T18:00,27.6,96,6.9,14,0.1,986.2
LKO,Lucknow,Uttar Pradesh,2026-08-26T19:00,27.0,96,8.0,31,0.0,987.1
LKO,Lucknow,Uttar Pradesh,2026-08-26T20:00,26.7,95,10.2,67,0.0,988.0
LKO,Lucknow,Uttar Pradesh,2026-08-26T21:00,26.2,97,7.3,17,1.9,988.9
LKO,Lucknow,Uttar Pradesh,2026-08-26T22:00,26.2,97,11.0,64,0.1,988.4
LKO,Lucknow,Uttar Pradesh,2026-08-26T23:00,25.8,98,3.0,123,3.0,989.2
LKO,Lucknow,Uttar Pradesh,2026-08-27T00:00,25.5,98,6.2,73,3.0,988.2
LKO,Lucknow,Uttar Pradesh,2026-08-27T01:00,25.4,98,6.7,56,0.9,987.8
LKO,Lucknow,Uttar Pradesh,2026-08-27T02:00,25.4,98,5.5,46,0.5,987.0
LKO,Lucknow,Uttar Pradesh,2026-08-27T03:00,25.4,99,6.1,23,0.2,987.2
LKO,Lucknow,Uttar Pradesh,2026-08-27T04:00,25.5,98,6.8,55,0.1,987.2
LKO,Lucknow,Uttar Pradesh,2026-08-27T05:00,25.7,98,5.0,55,0.1,987.5
LKO,Lucknow,Uttar Pradesh,2026-08-27T06:00,25.7,98,6.1,58,0.1,988.1
LKO,Lucknow,Uttar Pradesh,2026-08-27T07:00,26.1,95,6.1,30,3.6,989.4
LKO,Lucknow,Uttar Pradesh,2026-08-27T08:00,26.1,95,9.4,60,1.0,989.6
LKO,Lucknow,Uttar Pradesh,2026-08-27T09:00,27.5,88,10.9,68,0.5,989.5
LKO,Lucknow,Uttar Pradesh,2026-08-27T10:00,29.4,79,8.1,69,0.3,989.5
LKO,Lucknow,Uttar Pradesh,2026-08-27T11:00,30.0,76,6.4,74,0.4,988.8
LKO,Lucknow,Uttar Pradesh,2026-08-27T12:00,30.8,71,5.7,66,0.2,987.8
LKO,Lucknow,Uttar Pradesh,2026-08-27T13:00,31.2,71,4.0,63,0.3,986.6
LKO,Lucknow,Uttar Pradesh,2026-08-27T14:00,31.3,71,3.6,6,0.0,985.6
LKO,Lucknow,Uttar Pradesh,2026-08-27T15:00,31.2,73,5.5,337,0.5,984.5
LKO,Lucknow,Uttar Pradesh,2026-08-27T16:00,30.7,76,6.0,353,0.3,984.5
LKO,Lucknow,Uttar Pradesh,2026-08-27T17:00,29.2,86,9.9,358,1.0,984.3
LKO,Lucknow,Uttar Pradesh,2026-08-27T18:00,28.5,91,3.9,347,0.1,985.3
LKO,Lucknow,Uttar Pradesh,2026-08-27T19:00,28.0,94,3.5,305,0.0,986.5
LKO,Lucknow,Uttar Pradesh,2026-08-27T20:00,27.8,95,3.7,76,0.0,987.2
LKO,Lucknow,Uttar Pradesh,2026-08-27T21:00,27.5,96,3.3,126,0.2,988.1
LKO,Lucknow,Uttar Pradesh,2026-08-27T22:00,27.3,96,4.2,97,0.3,988.2
LKO,Lucknow,Uttar Pradesh,2026-08-27T23:00,26.9,97,4.2,133,0.3,987.9
LKO,Lucknow,Uttar Pradesh,2026-08-28T00:00,26.6,98,1.8,169,0.2,987.5
LKO,Lucknow,Uttar Pradesh,2026-08-28T01:00,25.7,99,0.9,79,5.5,987.3
LKO,Lucknow,Uttar Pradesh,2026-08-28T02:00,25.8,100,1.8,354,2.0,986.9
LKO,Lucknow,Uttar Pradesh,2026-08-28T03:00,25.8,99,1.6,270,1.1,986.8
LKO,Lucknow,Uttar Pradesh,2026-08-28T04:00,25.9,98,3.6,45,0.3,986.8
LKO,Lucknow,Uttar Pradesh,2026-08-28T05:00,25.9,98,4.1,45,0.0,987.1
LKO,Lucknow,Uttar Pradesh,2026-08-28T06:00,25.8,98,0.6,214,0.5,988.2
LKO,Lucknow,Uttar Pradesh,2026-08-28T07:00,25.8,97,3.9,16,4.5,988.7
LKO,Lucknow,Uttar Pradesh,2026-08-28T08:00,26.1,96,2.9,68,1.4,989.2
LKO,Lucknow,Uttar Pradesh,2026-08-28T09:00,27.9,87,4.0,30,0.6,989.3
LKO,Lucknow,Uttar Pradesh,2026-08-28T10:00,29.3,81,4.0,21,0.3,989.1
LKO,Lucknow,Uttar Pradesh,2026-08-28T11:00,30.7,74,2.5,82,0.3,988.2
LKO,Lucknow,Uttar Pradesh,2026-08-28T12:00,31.3,72,0.6,34,0.2,987.5
LKO,Lucknow,Uttar Pradesh,2026-08-28T13:00,31.6,72,3.1,339,0.2,986.3
LKO,Lucknow,Uttar Pradesh,2026-08-28T14:00,30.9,77,5.5,328,0.4,985.4
LKO,Lucknow,Uttar Pradesh,2026-08-28T15:00,29.8,84,1.8,217,0.5,984.6
LKO,Lucknow,Uttar Pradesh,2026-08-28T16:00,28.7,90,0.8,315,2.8,985.4
LKO,Lucknow,Uttar Pradesh,2026-08-28T17:00,28.4,93,2.7,157,2.4,985.6
LKO,Lucknow,Uttar Pradesh,2026-08-28T18:00,28.1,95,2.8,153,0.4,986.3
LKO,Lucknow,Uttar Pradesh,2026-08-28T19:00,27.9,95,1.9,146,0.4,987.3
LKO,Lucknow,Uttar Pradesh,2026-08-28T20:00,27.8,96,1.0,135,0.4,988.0
LKO,Lucknow,Uttar Pradesh,2026-08-28T21:00,27.6,97,0.2,90,0.0,988.3
LKO,Lucknow,Uttar Pradesh,2026-08-28T22:00,27.4,98,0.8,333,0.0,988.4
LKO,Lucknow,Uttar Pradesh,2026-08-28T23:00,27.3,99,1.2,333,0.0,988.2
LKO,Lucknow,Uttar Pradesh,2026-08-29T00:00,27.1,99,0.7,360,0.0,987.7
LKO,Lucknow,Uttar Pradesh,2026-08-29T01:00,27.0,99,1.1,90,0.0,987.0
LKO,Lucknow,Uttar Pradesh,2026-08-29T02:00,26.8,99,2.2,114,0.0,986.6
LKO,Lucknow,Uttar Pradesh,2026-08-29T03:00,26.5,99,3.1,126,0.5,986.6
LKO,Lucknow,Uttar Pradesh,2026-08-29T04:00,26.1,100,3.8,131,0.5,986.8
LKO,Lucknow,Uttar Pradesh,2026-08-29T05:00,25.9,99,4.3,135,0.5,987.2
LKO,Lucknow,Uttar Pradesh,2026-08-29T06:00,26.1,98,4.5,133,1.4,987.8
LKO,Lucknow,Uttar Pradesh,2026-08-29T07:00,26.5,95,4.2,130,1.4,988.5
LKO,Lucknow,Uttar Pradesh,2026-08-29T08:00,27.1,92,3.9,124,1.4,989.1
LKO,Lucknow,Uttar Pradesh,2026-08-29T09:00,28.1,87,3.2,109,0.2,989.3
LKO,Lucknow,Uttar Pradesh,2026-08-29T10:00,29.3,82,2.9,83,0.2,989.4
LKO,Lucknow,Uttar Pradesh,2026-08-29T11:00,30.3,78,2.8,63,0.2,989.0
LKO,Lucknow,Uttar Pradesh,2026-08-29T12:00,30.8,77,2.4,63,0.1,988.0
LKO,Lucknow,Uttar Pradesh,2026-08-29T13:00,31.1,77,1.7,77,0.1,986.8
LKO,Lucknow,Uttar Pradesh,2026-08-29T14:00,31.0,78,0.8,117,0.1,985.9
LKO,Lucknow,Uttar Pradesh,2026-08-29T15:00,30.0,83,1.2,231,2.0,985.5
LKO,Lucknow,Uttar Pradesh,2026-08-29T16:00,28.6,90,3.0,253,2.0,985.5
LKO,Lucknow,Uttar Pradesh,2026-08-29T17:00,27.5,96,4.5,256,2.0,985.6
LKO,Lucknow,Uttar Pradesh,2026-08-29T18:00,27.2,98,5.2,256,0.0,986.1
LKO,Lucknow,Uttar Pradesh,2026-08-29T19:00,27.2,97,5.4,255,0.0,986.9
LKO,Lucknow,Uttar Pradesh,2026-08-29T20:00,27.3,97,5.1,253,0.0,987.4
LKO,Lucknow,Uttar Pradesh,2026-08-29T21:00,27.2,97,3.8,253,0.0,987.6
LKO,Lucknow,Uttar Pradesh,2026-08-29T22:00,27.2,97,2.1,250,0.0,987.7
LKO,Lucknow,Uttar Pradesh,2026-08-29T23:00,27.1,97,0.9,233,0.0,987.5
LKO,Lucknow,Uttar Pradesh,2026-08-30T00:00,27.0,98,0.9,191,0.1,987.0
LKO,Lucknow,Uttar Pradesh,2026-08-30T01:00,26.9,99,1.5,187,0.1,986.2
LKO,Lucknow,Uttar Pradesh,2026-08-30T02:00,26.7,99,1.9,202,0.1,985.8
LKO,Lucknow,Uttar Pradesh,2026-08-30T03:00,26.4,99,3.1,230,2.1,986.0
LKO,Lucknow,Uttar Pradesh,2026-08-30T04:00,26.1,98,5.0,244,2.1,986.5
LKO,Lucknow,Uttar Pradesh,2026-08-30T05:00,25.9,97,6.1,251,2.1,986.9
LKO,Lucknow,Uttar Pradesh,2026-08-30T06:00,25.9,97,5.2,254,2.5,987.4
LKO,Lucknow,Uttar Pradesh,2026-08-30T07:00,26.0,97,3.5,261,2.5,987.9
LKO,Lucknow,Uttar Pradesh,2026-08-30T08:00,26.4,95,2.2,270,2.5,988.3
LKO,Lucknow,Uttar Pradesh,2026-08-30T09:00,27.4,90,1.8,276,0.4,988.7
LKO,Lucknow,Uttar Pradesh,2026-08-30T10:00,28.7,83,2.0,270,0.4,988.9
LKO,Lucknow,Uttar Pradesh,2026-08-30T11:00,29.8,78,2.3,270,0.4,988.9
LKO,Lucknow,Uttar Pradesh,2026-08-30T12:00,30.5,77,3.1,280,0.3,988.1
LKO,Lucknow,Uttar Pradesh,2026-08-30T13:00,31.0,77,4.1,285,0.3,987.1
LKO,Lucknow,Uttar Pradesh,2026-08-30T14:00,31.0,79,4.7,288,0.3,986.2
LKO,Lucknow,Uttar Pradesh,2026-08-30T15:00,30.3,83,4.4,289,3.2,985.7
LKO,Lucknow,Uttar Pradesh,2026-08-30T16:00,29.0,88,3.8,287,3.2,985.6
LKO,Lucknow,Uttar Pradesh,2026-08-30T17:00,28.0,93,3.0,284,3.2,985.6
LKO,Lucknow,Uttar Pradesh,2026-08-30T18:00,27.6,96,2.5,270,0.1,986.2
LKO,Lucknow,Uttar Pradesh,2026-08-30T19:00,27.5,97,2.5,249,0.1,987.1
LKO,Lucknow,Uttar Pradesh,2026-08-30T20:00,27.4,97,2.3,231,0.1,987.7
LKO,Lucknow,Uttar Pradesh,2026-08-30T21:00,27.3,98,1.7,212,0.0,987.9
LKO,Lucknow,Uttar Pradesh,2026-08-30T22:00,27.3,98,1.1,162,0.0,987.8
LKO,Lucknow,Uttar Pradesh,2026-08-30T23:00,27.2,98,1.5,126,0.0,987.8
LKO,Lucknow,Uttar Pradesh,2026-08-31T00:00,26.9,99,1.2,153,0.8,988.0
LKO,Lucknow,Uttar Pradesh,2026-08-31T01:00,26.6,100,2.0,170,0.8,988.0
LKO,Lucknow,Uttar Pradesh,2026-08-31T02:00,26.2,100,3.1,177,0.8,987.7
LKO,Lucknow,Uttar Pradesh,2026-08-31T03:00,25.9,100,4.0,185,0.8,987.6
LKO,Lucknow,Uttar Pradesh,2026-08-31T04:00,25.8,100,4.5,187,0.8,987.5
LKO,Lucknow,Uttar Pradesh,2026-08-31T05:00,25.9,98,4.7,189,0.8,987.5
LKO,Lucknow,Uttar Pradesh,2026-08-31T06:00,26.4,95,4.2,187,0.2,987.7
LKO,Lucknow,Uttar Pradesh,2026-08-31T07:00,27.2,91,3.1,183,0.2,988.1
LKO,Lucknow,Uttar Pradesh,2026-08-31T08:00,28.3,87,1.6,174,0.2,988.4
LKO,Lucknow,Uttar Pradesh,2026-08-31T09:00,29.3,83,0.6,108,0.2,988.8
LKO,Lucknow,Uttar Pradesh,2026-08-31T10:00,30.1,80,1.3,34,0.2,989.0
LKO,Lucknow,Uttar Pradesh,2026-08-31T11:00,30.4,79,2.0,27,0.2,989.0
LKO,Lucknow,Uttar Pradesh,2026-08-31T12:00,30.3,79,2.3,18,1.0,988.7
LKO,Lucknow,Uttar Pradesh,2026-08-31T13:00,29.8,82,2.4,9,1.0,988.2
LKO,Lucknow,Uttar Pradesh,2026-08-31T14:00,29.1,84,2.3,356,1.0,987.6
LKO,Lucknow,Uttar Pradesh,2026-08-31T15:00,28.4,88,2.3,342,1.0,986.9
LKO,Lucknow,Uttar Pradesh,2026-08-31T16:00,27.7,91,2.0,333,1.0,986.4
LKO,Lucknow,Uttar Pradesh,2026-08-31T17:00,27.2,94,1.7,328,1.0,986.3
LKO,Lucknow,Uttar Pradesh,2026-08-31T18:00,26.9,95,0.8,333,0.3,986.6
LKO,Lucknow,Uttar Pradesh,2026-08-31T19:00,26.8,96,0.6,146,0.3,987.1
LKO,Lucknow,Uttar Pradesh,2026-08-31T20:00,26.7,97,2.3,141,0.3,987.8
LKO,Lucknow,Uttar Pradesh,2026-08-31T21:00,26.6,97,3.9,143,0.3,988.5
LKO,Lucknow,Uttar Pradesh,2026-08-31T22:00,26.6,97,5.2,139,0.3,989.1
LKO,Lucknow,Uttar Pradesh,2026-08-31T23:00,26.5,98,5.7,136,0.3,989.5
KAN,Kanpur,Uttar Pradesh,2026-08-25T00:00,27.4,94,3.2,93,0.0,988.0
KAN,Kanpur,Uttar Pradesh,2026-08-25T01:00,27.1,95,1.7,77,0.0,987.7
KAN,Kanpur,Uttar Pradesh,2026-08-25T02:00,27.0,96,1.0,45,0.0,987.4
KAN,Kanpur,Uttar Pradesh,2026-08-25T03:00,27.0,97,1.1,360,0.0,987.4
KAN,Kanpur,Uttar Pradesh,2026-08-25T04:00,26.9,97,2.2,35,0.0,987.5
KAN,Kanpur,Uttar Pradesh,2026-08-25T05:00,26.9,98,3.7,23,0.2,987.3
KAN,Kanpur,Uttar Pradesh,2026-08-25T06:00,27.2,90,8.2,50,0.5,988.1
KAN,Kanpur,Uttar Pradesh,2026-08-25T07:00,27.7,89,6.0,29,0.5,988.4
KAN,Kanpur,Uttar Pradesh,2026-08-25T08:00,27.3,90,13.7,39,1.3,988.9
KAN,Kanpur,Uttar Pradesh,2026-08-25T09:00,26.9,94,8.5,36,1.0,989.0
KAN,Kanpur,Uttar Pradesh,2026-08-25T10:00,27.1,94,8.2,23,1.5,988.7
KAN,Kanpur,Uttar Pradesh,2026-08-25T11:00,27.5,93,8.5,35,2.7,988.8
KAN,Kanpur,Uttar Pradesh,2026-08-25T12:00,27.9,93,7.3,40,1.6,987.9
KAN,Kanpur,Uttar Pradesh,2026-08-25T13:00,29.2,87,8.0,34,0.5,987.4
KAN,Kanpur,Uttar Pradesh,2026-08-25T14:00,28.6,89,10.1,357,0.2,985.7
KAN,Kanpur,Uttar Pradesh,2026-08-25T15:00,28.4,89,7.3,20,1.0,985.1
KAN,Kanpur,Uttar Pradesh,2026-08-25T16:00,27.0,94,7.3,33,3.7,985.0
KAN,Kanpur,Uttar Pradesh,2026-08-25T17:00,27.4,93,7.3,9,1.5,985.0
KAN,Kanpur,Uttar Pradesh,2026-08-25T18:00,27.0,95,9.8,20,0.4,985.6
KAN,Kanpur,Uttar Pradesh,2026-08-25T19:00,27.0,96,7.8,15,0.1,986.1
KAN,Kanpur,Uttar Pradesh,2026-08-25T20:00,26.5,95,8.8,70,1.7,987.4
KAN,Kanpur,Uttar Pradesh,2026-08-25T21:00,26.1,98,3.7,145,2.9,987.7
KAN,Kanpur,Uttar Pradesh,2026-08-25T22:00,25.9,97,4.2,149,3.0,987.8
KAN,Kanpur,Uttar Pradesh,2026-08-25T23:00,25.4,98,3.7,166,3.8,988.1
KAN,Kanpur,Uttar Pradesh,2026-08-26T00:00,25.4,99,4.3,62,3.7,987.3
KAN,Kanpur,Uttar Pradesh,2026-08-26T01:00,25.4,98,5.7,11,0.3,986.6
KAN,Kanpur,Uttar Pradesh,2026-08-26T02:00,25.1,99,8.9,19,2.4,986.3
KAN,Kanpur,Uttar Pradesh,2026-08-26T03:00,25.0,98,10.4,39,6.7,986.0
KAN,Kanpur,Uttar Pradesh,2026-08-26T04:00,25.2,98,7.5,24,3.0,985.7
KAN,Kanpur,Uttar Pradesh,2026-08-26T05:00,25.3,98,5.4,2,6.9,986.6
KAN,Kanpur,Uttar Pradesh,2026-08-26T06:00,25.4,98,10.3,23,2.0,986.7
KAN,Kanpur,Uttar Pradesh,2026-08-26T07:00,25.8,97,9.2,57,0.9,987.2
KAN,Kanpur,Uttar Pradesh,2026-08-26T08:00,26.6,91,10.2,54,0.2,987.6
KAN,Kanpur,Uttar Pradesh,2026-08-26T09:00,27.7,85,10.5,68,0.2,988.1
KAN,Kanpur,Uttar Pradesh,2026-08-26T10:00,28.9,80,9.7,72,0.1,987.9
KAN,Kanpur,Uttar Pradesh,2026-08-26T11:00,29.8,78,8.5,73,0.1,987.7
KAN,Kanpur,Uttar Pradesh,2026-08-26T12:00,30.5,76,7.6,68,0.0,986.9
KAN,Kanpur,Uttar Pradesh,2026-08-26T13:00,30.6,75,7.9,55,0.1,985.8
KAN,Kanpur,Uttar Pradesh,2026-08-26T14:00,30.2,78,6.6,35,0.1,984.5
KAN,Kanpur,Uttar Pradesh,2026-08-26T15:00,30.3,79,8.5,27,0.2,983.4
KAN,Kanpur,Uttar Pradesh,2026-08-26T16:00,29.8,82,9.2,11,0.0,982.9
KAN,Kanpur,Uttar Pradesh,2026-08-26T17:00,29.2,86,8.7,17,0.0,983.5
KAN,Kanpur,Uttar Pradesh,2026-08-26T18:00,28.6,90,5.1,45,0.0,984.5
KAN,Kanpur,Uttar Pradesh,2026-08-26T19:00,28.2,92,4.9,39,0.2,985.2
KAN,Kanpur,Uttar Pradesh,2026-08-26T20:00,26.4,97,7.9,340,4.9,986.3
KAN,Kanpur,Uttar Pradesh,2026-08-26T21:00,26.2,97,6.1,28,3.0,986.8
KAN,Kanpur,Uttar Pradesh,2026-08-26T22:00,25.9,98,6.3,13,7.2,986.9
KAN,Kanpur,Uttar Pradesh,2026-08-26T23:00,25.9,97,5.5,27,3.1,987.1
KAN,Kanpur,Uttar Pradesh,2026-08-27T00:00,26.0,97,5.8,351,7.9,986.1
KAN,Kanpur,Uttar Pradesh,2026-08-27T01:00,25.9,98,4.5,16,0.8,986.0
KAN,Kanpur,Uttar Pradesh,2026-08-27T02:00,25.8,99,6.5,30,0.3,985.2
KAN,Kanpur,Uttar Pradesh,2026-08-27T03:00,25.9,99,5.9,20,0.2,985.1
KAN,Kanpur,Uttar Pradesh,2026-08-27T04:00,25.9,98,6.8,32,0.1,985.3
KAN,Kanpur,Uttar Pradesh,2026-08-27T05:00,25.6,98,6.5,34,1.9,985.8
KAN,Kanpur,Uttar Pradesh,2026-08-27T06:00,25.6,98,8.7,34,1.7,986.3
KAN,Kanpur,Uttar Pradesh,2026-08-27T07:00,25.7,96,8.0,28,3.3,987.7
KAN,Kanpur,Uttar Pradesh,2026-08-27T08:00,25.8,96,7.9,33,2.5,987.6
KAN,Kanpur,Uttar Pradesh,2026-08-27T09:00,27.2,89,8.8,43,0.9,987.9
KAN,Kanpur,Uttar Pradesh,2026-08-27T10:00,28.9,81,5.1,42,0.2,987.9
KAN,Kanpur,Uttar Pradesh,2026-08-27T11:00,29.7,76,5.6,45,0.2,987.1
KAN,Kanpur,Uttar Pradesh,2026-08-27T12:00,30.7,75,3.6,357,0.1,986.3
KAN,Kanpur,Uttar Pradesh,2026-08-27T13:00,31.2,75,5.7,342,0.2,985.1
KAN,Kanpur,Uttar Pradesh,2026-08-27T14:00,30.9,76,7.8,338,0.3,983.9
KAN,Kanpur,Uttar Pradesh,2026-08-27T15:00,28.7,86,8.6,344,1.1,983.1
KAN,Kanpur,Uttar Pradesh,2026-08-27T16:00,29.7,82,5.4,356,0.1,982.9
KAN,Kanpur,Uttar Pradesh,2026-08-27T17:00,29.8,83,6.0,314,0.0,983.0
KAN,Kanpur,Uttar Pradesh,2026-08-27T18:00,29.1,88,5.3,260,0.1,984.0
KAN,Kanpur,Uttar Pradesh,2026-08-27T19:00,28.1,94,1.5,36,1.6,984.8
KAN,Kanpur,Uttar Pradesh,2026-08-27T20:00,27.9,96,1.5,60,0.7,985.5
KAN,Kanpur,Uttar Pradesh,2026-08-27T21:00,27.4,98,2.8,125,0.5,986.6
KAN,Kanpur,Uttar Pradesh,2026-08-27T22:00,27.0,98,4.3,156,0.5,986.5
KAN,Kanpur,Uttar Pradesh,2026-08-27T23:00,26.5,99,7.8,222,0.5,986.3
KAN,Kanpur,Uttar Pradesh,2026-08-28T00:00,25.9,98,4.6,219,2.3,986.1
KAN,Kanpur,Uttar Pradesh,2026-08-28T01:00,26.1,98,6.5,242,0.7,985.2
KAN,Kanpur,Uttar Pradesh,2026-08-28T02:00,26.2,98,3.2,254,0.4,985.2
KAN,Kanpur,Uttar Pradesh,2026-08-28T03:00,26.2,99,2.6,254,0.1,985.1
KAN,Kanpur,Uttar Pradesh,2026-08-28T04:00,26.3,99,1.9,292,0.0,985.1
KAN,Kanpur,Uttar Pradesh,2026-08-28T05:00,25.9,99,6.8,217,0.5,985.9
KAN,Kanpur,Uttar Pradesh,2026-08-28T06:00,25.7,98,8.5,295,5.1,986.3
KAN,Kanpur,Uttar Pradesh,2026-08-28T07:00,25.4,98,8.4,280,2.4,987.1
KAN,Kanpur,Uttar Pradesh,2026-08-28T08:00,25.8,95,8.1,302,1.7,987.4
KAN,Kanpur,Uttar Pradesh,2026-08-28T09:00,27.5,88,7.1,319,0.5,987.7
KAN,Kanpur,Uttar Pradesh,2026-08-28T10:00,28.7,83,6.4,310,0.3,987.4
KAN,Kanpur,Uttar Pradesh,2026-08-28T11:00,29.9,80,4.7,313,0.2,986.9
KAN,Kanpur,Uttar Pradesh,2026-08-28T12:00,30.8,77,5.0,325,0.1,985.9
KAN,Kanpur,Uttar Pradesh,2026-08-28T13:00,30.9,76,6.2,327,0.2,984.9
KAN,Kanpur,Uttar Pradesh,2026-08-28T14:00,30.6,78,5.9,315,0.2,984.0
KAN,Kanpur,Uttar Pradesh,2026-08-28T15:00,30.5,79,6.3,290,0.2,983.2
KAN,Kanpur,Uttar Pradesh,2026-08-28T16:00,28.0,92,8.7,8,3.3,983.7
KAN,Kanpur,Uttar Pradesh,2026-08-28T17:00,26.6,97,3.8,59,7.3,984.7
KAN,Kanpur,Uttar Pradesh,2026-08-28T18:00,26.5,98,3.1,69,0.6,985.2
KAN,Kanpur,Uttar Pradesh,2026-08-28T19:00,26.9,97,1.7,77,0.6,985.8
KAN,Kanpur,Uttar Pradesh,2026-08-28T20:00,27.2,96,0.3,135,0.6,986.3
KAN,Kanpur,Uttar Pradesh,2026-08-28T21:00,27.2,97,0.9,270,0.0,986.5
KAN,Kanpur,Uttar Pradesh,2026-08-28T22:00,27.1,97,1.8,281,0.0,986.6
KAN,Kanpur,Uttar Pradesh,2026-08-28T23:00,27.0,98,2.2,279,0.0,986.5
KAN,Kanpur,Uttar Pradesh,2026-08-29T00:00,26.9,98,1.5,249,0.0,986.0
KAN,Kanpur,Uttar Pradesh,2026-08-29T01:00,26.8,99,1.8,191,0.0,985.3
KAN,Kanpur,Uttar Pradesh,2026-08-29T02:00,26.6,99,2.3,184,0.0,984.9
KAN,Kanpur,Uttar Pradesh,2026-08-29T03:00,26.1,99,2.6,245,3.4,985.0
KAN,Kanpur,Uttar Pradesh,2026-08-29T04:00,25.6,98,5.7,279,3.4,985.3
KAN,Kanpur,Uttar Pradesh,2026-08-29T05:00,25.3,97,7.8,285,3.4,985.8
KAN,Kanpur,Uttar Pradesh,2026-08-29T06:00,25.6,96,7.3,280,1.2,986.4
KAN,Kanpur,Uttar Pradesh,2026-08-29T07:00,26.2,94,5.6,268,1.2,987.0
KAN,Kanpur,Uttar Pradesh,2026-08-29T08:00,27.0,91,4.6,257,1.2,987.5
KAN,Kanpur,Uttar Pradesh,2026-08-29T09:00,27.9,88,4.7,266,0.3,987.7
KAN,Kanpur,Uttar Pradesh,2026-08-29T10:00,28.9,84,5.5,279,0.3,987.7
KAN,Kanpur,Uttar Pradesh,2026-08-29T11:00,29.6,81,6.2,291,0.3,987.5
KAN,Kanpur,Uttar Pradesh,2026-08-29T12:00,30.0,81,6.3,301,1.0,986.7
KAN,Kanpur,Uttar Pradesh,2026-08-29T13:00,30.2,81,6.2,314,1.0,985.6
KAN,Kanpur,Uttar Pradesh,2026-08-29T14:00,29.9,83,6.2,319,1.0,984.7
KAN,Kanpur,Uttar Pradesh,2026-08-29T15:00,29.0,87,5.9,308,2.1,984.2
KAN,Kanpur,Uttar Pradesh,2026-08-29T16:00,27.8,93,5.7,288,2.1,984.0
KAN,Kanpur,Uttar Pradesh,2026-08-29T17:00,27.0,97,5.6,277,2.1,983.9
KAN,Kanpur,Uttar Pradesh,2026-08-29T18:00,27.0,98,4.5,284,0.4,984.3
KAN,Kanpur,Uttar Pradesh,2026-08-29T19:00,27.4,96,3.2,313,0.4,985.1
KAN,Kanpur,Uttar Pradesh,2026-08-29T20:00,27.7,95,2.8,345,0.4,985.6
KAN,Kanpur,Uttar Pradesh,2026-08-29T21:00,27.7,95,2.2,360,0.0,985.9
KAN,Kanpur,Uttar Pradesh,2026-08-29T22:00,27.7,95,1.0,22,0.0,985.9
KAN,Kanpur,Uttar Pradesh,2026-08-29T23:00,27.6,96,0.3,135,0.0,985.8
KAN,Kanpur,Uttar Pradesh,2026-08-30T00:00,27.2,97,1.6,207,0.7,985.2
KAN,Kanpur,Uttar Pradesh,2026-08-30T01:00,26.8,98,3.2,218,0.7,984.4
KAN,Kanpur,Uttar Pradesh,2026-08-30T02:00,26.4,99,4.0,216,0.7,983.9
KAN,Kanpur,Uttar Pradesh,2026-08-30T03:00,26.3,99,2.8,195,0.1,984.0
KAN,Kanpur,Uttar Pradesh,2026-08-30T04:00,26.3,100,2.4,138,0.1,984.5
KAN,Kanpur,Uttar Pradesh,2026-08-30T05:00,26.5,99,3.1,111,0.1,985.0
KAN,Kanpur,Uttar Pradesh,2026-08-30T06:00,26.8,96,2.2,132,0.3,985.6
KAN,Kanpur,Uttar Pradesh,2026-08-30T07:00,27.3,92,2.5,201,0.3,986.3
KAN,Kanpur,Uttar Pradesh,2026-08-30T08:00,28.0,88,4.1,229,0.3,986.8
KAN,Kanpur,Uttar Pradesh,2026-08-30T09:00,28.9,82,4.9,246,0.0,987.2
KAN,Kanpur,Uttar Pradesh,2026-08-30T10:00,29.9,77,5.6,263,0.0,987.4
KAN,Kanpur,Uttar Pradesh,2026-08-30T11:00,30.7,73,6.3,273,0.0,987.2
KAN,Kanpur,Uttar Pradesh,2026-08-30T12:00,31.3,72,6.3,277,0.0,986.5
KAN,Kanpur,Uttar Pradesh,2026-08-30T13:00,31.6,72,5.8,279,0.0,985.4
KAN,Kanpur,Uttar Pradesh,2026-08-30T14:00,31.7,73,5.0,285,0.0,984.5
KAN,Kanpur,Uttar Pradesh,2026-08-30T15:00,31.5,74,4.1,308,0.0,984.0
KAN,Kanpur,Uttar Pradesh,2026-08-30T16:00,31.1,77,4.1,345,0.0,983.8
KAN,Kanpur,Uttar Pradesh,2026-08-30T17:00,30.6,80,4.4,7,0.0,983.9
KAN,Kanpur,Uttar Pradesh,2026-08-30T18:00,29.9,84,3.1,36,0.0,984.5
KAN,Kanpur,Uttar Pradesh,2026-08-30T19:00,29.2,90,2.5,98,0.0,985.3
KAN,Kanpur,Uttar Pradesh,2026-08-30T20:00,28.7,93,3.6,139,0.0,986.0
KAN,Kanpur,Uttar Pradesh,2026-08-30T21:00,28.5,93,3.8,177,0.0,986.2
KAN,Kanpur,Uttar Pradesh,2026-08-30T22:00,28.5,90,5.3,213,0.0,986.2
KAN,Kanpur,Uttar Pradesh,2026-08-30T23:00,28.5,88,7.1,227,0.0,986.1
KAN,Kanpur,Uttar Pradesh,2026-08-31T00:00,27.7,94,5.4,210,1.0,986.2
KAN,Kanpur,Uttar Pradesh,2026-08-31T01:00,27.2,95,5.4,214,1.0,986.1
KAN,Kanpur,Uttar Pradesh,2026-08-31T02:00,26.7,96,5.5,221,1.0,986.0
KAN,Kanpur,Uttar Pradesh,2026-08-31T03:00,26.2,96,5.5,226,1.0,985.7
KAN,Kanpur,Uttar Pradesh,2026-08-31T04:00,26.0,96,5.7,233,1.0,985.7
KAN,Kanpur,Uttar Pradesh,2026-08-31T05:00,26.0,95,5.7,238,1.0,985.7
KAN,Kanpur,Uttar Pradesh,2026-08-31T06:00,26.4,93,6.0,243,0.1,986.0
KAN,Kanpur,Uttar Pradesh,2026-08-31T07:00,27.2,89,6.4,248,0.1,986.4
KAN,Kanpur,Uttar Pradesh,2026-08-31T08:00,28.1,85,6.9,253,0.1,986.8
KAN,Kanpur,Uttar Pradesh,2026-08-31T09:00,29.0,81,7.2,257,0.1,987.2
KAN,Kanpur,Uttar Pradesh,2026-08-31T10:00,29.8,79,7.5,262,0.1,987.5
KAN,Kanpur,Uttar Pradesh,2026-08-31T11:00,30.1,78,7.4,264,0.1,987.5
KAN,Kanpur,Uttar Pradesh,2026-08-31T12:00,30.0,79,7.0,269,1.7,987.2
KAN,Kanpur,Uttar Pradesh,2026-08-31T13:00,29.6,81,6.5,275,1.7,986.7
KAN,Kanpur,Uttar Pradesh,2026-08-31T14:00,29.0,84,5.7,283,1.7,986.0
KAN,Kanpur,Uttar Pradesh,2026-08-31T15:00,28.3,88,5.0,291,1.7,985.3
KAN,Kanpur,Uttar Pradesh,2026-08-31T16:00,27.7,92,4.4,300,1.7,984.7
KAN,Kanpur,Uttar Pradesh,2026-08-31T17:00,27.2,94,3.5,305,1.7,984.6
KAN,Kanpur,Uttar Pradesh,2026-08-31T18:00,26.9,96,2.2,305,1.1,984.9
KAN,Kanpur,Uttar Pradesh,2026-08-31T19:00,26.6,97,0.7,270,1.1,985.5
KAN,Kanpur,Uttar Pradesh,2026-08-31T20:00,26.4,98,1.7,167,1.1,986.2
KAN,Kanpur,Uttar Pradesh,2026-08-31T21:00,26.2,98,3.5,152,1.1,987.0
KAN,Kanpur,Uttar Pradesh,2026-08-31T22:00,26.1,98,5.0,150,1.1,987.7
KAN,Kanpur,Uttar Pradesh,2026-08-31T23:00,25.9,99,5.8,146,1.1,988.1
MUM,Mumbai,Maharashtra,2026-08-25T00:00,26.4,88,9.9,275,0.5,1007.6
MUM,Mumbai,Maharashtra,2026-08-25T01:00,26.0,90,10.6,268,0.0,1007.3
MUM,Mumbai,Maharashtra,2026-08-25T02:00,26.3,87,10.5,287,0.2,1006.5
MUM,Mumbai,Maharashtra,2026-08-25T03:00,26.3,85,9.8,294,0.1,1006.1
MUM,Mumbai,Maharashtra,2026-08-25T04:00,25.7,88,7.3,290,0.3,1006.2
MUM,Mumbai,Maharashtra,2026-08-25T05:00,25.8,88,7.2,309,0.3,1006.4
MUM,Mumbai,Maharashtra,2026-08-25T06:00,25.5,88,6.4,302,0.6,1006.7
MUM,Mumbai,Maharashtra,2026-08-25T07:00,26.1,89,4.6,296,0.5,1007.5
MUM,Mumbai,Maharashtra,2026-08-25T08:00,27.0,86,4.6,279,0.2,1008.4
MUM,Mumbai,Maharashtra,2026-08-25T09:00,27.9,80,7.2,270,0.0,1008.7
MUM,Mumbai,Maharashtra,2026-08-25T10:00,28.5,77,8.5,266,0.2,1008.8
MUM,Mumbai,Maharashtra,2026-08-25T11:00,28.9,73,10.5,254,0.3,1008.7
MUM,Mumbai,Maharashtra,2026-08-25T12:00,29.3,71,12.2,254,0.1,1008.6
MUM,Mumbai,Maharashtra,2026-08-25T13:00,28.6,76,14.1,257,0.4,1007.8
MUM,Mumbai,Maharashtra,2026-08-25T14:00,28.3,76,14.4,258,0.5,1006.6
MUM,Mumbai,Maharashtra,2026-08-25T15:00,28.4,75,14.7,255,1.0,1006.0
MUM,Mumbai,Maharashtra,2026-08-25T16:00,28.3,75,15.0,257,0.9,1005.8
MUM,Mumbai,Maharashtra,2026-08-25T17:00,27.7,81,14.1,260,0.3,1005.9
MUM,Mumbai,Maharashtra,2026-08-25T18:00,27.3,83,12.7,263,0.1,1006.4
MUM,Mumbai,Maharashtra,2026-08-25T19:00,26.8,85,12.1,264,0.4,1007.2
MUM,Mumbai,Maharashtra,2026-08-25T20:00,26.8,85,11.4,264,0.2,1008.0
MUM,Mumbai,Maharashtra,2026-08-25T21:00,26.4,87,12.0,258,0.4,1008.7
MUM,Mumbai,Maharashtra,2026-08-25T22:00,26.5,86,11.5,269,0.4,1009.2
MUM,Mumbai,Maharashtra,2026-08-25T23:00,25.8,90,11.4,266,0.7,1009.3
MUM,Mumbai,Maharashtra,2026-08-26T00:00,26.2,90,11.0,266,0.4,1008.9
MUM,Mumbai,Maharashtra,2026-08-26T01:00,26.1,88,11.2,270,0.6,1008.3
MUM,Mumbai,Maharashtra,2026-08-26T02:00,26.3,88,12.3,265,0.1,1007.4
MUM,Mumbai,Maharashtra,2026-08-26T03:00,26.4,87,12.2,270,0.1,1007.0
MUM,Mumbai,Maharashtra,2026-08-26T04:00,26.5,86,13.2,276,0.1,1006.8
MUM,Mumbai,Maharashtra,2026-08-26T05:00,26.4,85,13.7,272,0.3,1007.1
MUM,Mumbai,Maharashtra,2026-08-26T06:00,26.6,84,12.0,279,0.3,1007.5
MUM,Mumbai,Maharashtra,2026-08-26T07:00,26.7,83,12.1,277,0.9,1008.0
MUM,Mumbai,Maharashtra,2026-08-26T08:00,27.6,84,12.6,271,1.1,1008.6
MUM,Mumbai,Maharashtra,2026-08-26T09:00,28.2,82,15.0,273,0.0,1009.2
MUM,Mumbai,Maharashtra,2026-08-26T10:00,28.3,80,16.0,273,0.0,1009.5
MUM,Mumbai,Maharashtra,2026-08-26T11:00,28.5,79,16.7,269,0.0,1009.3
MUM,Mumbai,Maharashtra,2026-08-26T12:00,28.8,77,17.9,266,0.2,1008.9
MUM,Mumbai,Maharashtra,2026-08-26T13:00,28.8,77,17.5,269,0.4,1008.4
MUM,Mumbai,Maharashtra,2026-08-26T14:00,28.4,79,18.0,268,0.4,1007.7
MUM,Mumbai,Maharashtra,2026-08-26T15:00,28.2,82,18.2,267,0.2,1007.0
MUM,Mumbai,Maharashtra,2026-08-26T16:00,27.8,83,16.9,268,0.0,1006.6
MUM,Mumbai,Maharashtra,2026-08-26T17:00,27.2,82,15.9,265,0.2,1006.3
MUM,Mumbai,Maharashtra,2026-08-26T18:00,26.9,83,16.3,264,0.3,1006.7
MUM,Mumbai,Maharashtra,2026-08-26T19:00,26.5,86,14.1,267,0.1,1007.5
MUM,Mumbai,Maharashtra,2026-08-26T20:00,26.8,84,15.0,260,0.1,1008.3
MUM,Mumbai,Maharashtra,2026-08-26T21:00,26.5,84,13.2,264,0.3,1009.0
MUM,Mumbai,Maharashtra,2026-08-26T22:00,26.8,85,13.7,259,0.4,1009.4
MUM,Mumbai,Maharashtra,2026-08-26T23:00,26.8,84,15.0,256,0.1,1009.1
MUM,Mumbai,Maharashtra,2026-08-27T00:00,26.6,86,16.1,257,0.2,1008.6
MUM,Mumbai,Maharashtra,2026-08-27T01:00,26.4,86,16.5,260,0.3,1007.8
MUM,Mumbai,Maharashtra,2026-08-27T02:00,26.8,84,17.0,260,0.2,1007.2
MUM,Mumbai,Maharashtra,2026-08-27T03:00,26.4,86,16.9,255,0.2,1006.9
MUM,Mumbai,Maharashtra,2026-08-27T04:00,26.4,85,17.1,255,0.4,1007.0
MUM,Mumbai,Maharashtra,2026-08-27T05:00,26.5,85,16.8,261,0.1,1007.4
MUM,Mumbai,Maharashtra,2026-08-27T06:00,26.4,85,16.8,264,0.2,1007.8
MUM,Mumbai,Maharashtra,2026-08-27T07:00,26.9,82,16.4,267,0.3,1008.3
MUM,Mumbai,Maharashtra,2026-08-27T08:00,27.5,80,18.0,267,0.1,1008.9
MUM,Mumbai,Maharashtra,2026-08-27T09:00,27.8,79,18.4,266,0.5,1009.4
MUM,Mumbai,Maharashtra,2026-08-27T10:00,28.0,78,18.7,271,0.5,1009.7
MUM,Mumbai,Maharashtra,2026-08-27T11:00,28.1,77,17.4,278,0.9,1009.5
MUM,Mumbai,Maharashtra,2026-08-27T12:00,28.6,73,20.3,277,1.0,1008.7
MUM,Mumbai,Maharashtra,2026-08-27T13:00,28.5,75,20.4,275,1.5,1007.7
MUM,Mumbai,Maharashtra,2026-08-27T14:00,28.8,73,20.5,276,1.1,1006.9
MUM,Mumbai,Maharashtra,2026-08-27T15:00,28.8,73,20.4,272,1.1,1006.5
MUM,Mumbai,Maharashtra,2026-08-27T16:00,28.4,75,19.8,273,0.4,1006.2
MUM,Mumbai,Maharashtra,2026-08-27T17:00,27.6,80,18.2,267,0.2,1006.1
MUM,Mumbai,Maharashtra,2026-08-27T18:00,27.2,82,16.8,265,0.1,1006.3
MUM,Mumbai,Maharashtra,2026-08-27T19:00,27.2,82,14.3,258,0.1,1007.0
MUM,Mumbai,Maharashtra,2026-08-27T20:00,27.4,81,15.6,259,0.0,1007.5
MUM,Mumbai,Maharashtra,2026-08-27T21:00,27.0,85,16.8,260,0.1,1008.1
MUM,Mumbai,Maharashtra,2026-08-27T22:00,26.9,84,15.4,256,0.0,1008.6
MUM,Mumbai,Maharashtra,2026-08-27T23:00,26.8,85,15.9,255,0.1,1008.5
MUM,Mumbai,Maharashtra,2026-08-28T00:00,26.6,87,17.6,257,0.1,1007.9
MUM,Mumbai,Maharashtra,2026-08-28T01:00,26.4,89,17.0,254,0.2,1007.3
MUM,Mumbai,Maharashtra,2026-08-28T02:00,26.5,87,18.3,253,0.0,1006.9
MUM,Mumbai,Maharashtra,2026-08-28T03:00,26.5,86,16.8,258,0.1,1006.6
MUM,Mumbai,Maharashtra,2026-08-28T04:00,26.7,83,17.1,258,0.3,1006.5
MUM,Mumbai,Maharashtra,2026-08-28T05:00,26.8,85,18.5,251,0.1,1006.7
MUM,Mumbai,Maharashtra,2026-08-28T06:00,26.9,84,17.1,252,0.0,1007.3
MUM,Mumbai,Maharashtra,2026-08-28T07:00,27.2,81,18.8,258,0.0,1007.8
MUM,Mumbai,Maharashtra,2026-08-28T08:00,27.7,79,18.0,258,0.1,1008.6
MUM,Mumbai,Maharashtra,2026-08-28T09:00,27.8,79,18.6,261,0.4,1008.9
MUM,Mumbai,Maharashtra,2026-08-28T10:00,28.6,78,18.9,259,0.3,1009.0
MUM,Mumbai,Maharashtra,2026-08-28T11:00,28.9,76,21.3,262,0.1,1008.6
MUM,Mumbai,Maharashtra,2026-08-28T12:00,28.6,74,21.5,264,0.3,1008.2
MUM,Mumbai,Maharashtra,2026-08-28T13:00,28.3,79,19.9,265,0.4,1007.4
MUM,Mumbai,Maharashtra,2026-08-28T14:00,28.2,78,19.8,267,0.1,1007.0
MUM,Mumbai,Maharashtra,2026-08-28T15:00,28.2,76,19.5,265,0.1,1006.5
MUM,Mumbai,Maharashtra,2026-08-28T16:00,28.2,73,19.8,268,0.2,1006.3
MUM,Mumbai,Maharashtra,2026-08-28T17:00,27.8,76,18.2,265,0.2,1006.3
MUM,Mumbai,Maharashtra,2026-08-28T18:00,27.6,78,17.8,262,0.3,1006.7
MUM,Mumbai,Maharashtra,2026-08-28T19:00,27.4,80,17.5,258,0.3,1007.4
MUM,Mumbai,Maharashtra,2026-08-28T20:00,27.2,83,17.4,254,0.3,1007.9
MUM,Mumbai,Maharashtra,2026-08-28T21:00,27.1,84,17.5,253,0.1,1008.2
MUM,Mumbai,Maharashtra,2026-08-28T22:00,27.0,85,17.8,252,0.1,1008.4
MUM,Mumbai,Maharashtra,2026-08-28T23:00,26.9,86,18.1,251,0.1,1008.3
MUM,Mumbai,Maharashtra,2026-08-29T00:00,26.8,87,18.6,250,0.2,1007.9
MUM,Mumbai,Maharashtra,2026-08-29T01:00,26.6,87,18.7,250,0.2,1007.3
MUM,Mumbai,Maharashtra,2026-08-29T02:00,26.6,86,19.1,251,0.2,1006.8
MUM,Mumbai,Maharashtra,2026-08-29T03:00,26.6,85,19.1,252,0.0,1006.6
MUM,Mumbai,Maharashtra,2026-08-29T04:00,26.8,83,18.9,255,0.0,1006.6
MUM,Mumbai,Maharashtra,2026-08-29T05:00,26.9,82,18.9,257,0.0,1006.8
MUM,Mumbai,Maharashtra,2026-08-29T06:00,27.1,81,18.7,258,0.4,1007.3
MUM,Mumbai,Maharashtra,2026-08-29T07:00,27.2,81,18.8,260,0.4,1008.0
MUM,Mumbai,Maharashtra,2026-08-29T08:00,27.4,80,18.9,262,0.4,1008.6
MUM,Mumbai,Maharashtra,2026-08-29T09:00,27.7,79,19.4,264,0.2,1009.0
MUM,Mumbai,Maharashtra,2026-08-29T10:00,28.0,77,20.2,266,0.2,1009.3
MUM,Mumbai,Maharashtra,2026-08-29T11:00,28.3,75,20.7,268,0.2,1009.3
MUM,Mumbai,Maharashtra,2026-08-29T12:00,28.6,75,20.7,269,0.3,1008.9
MUM,Mumbai,Maharashtra,2026-08-29T13:00,28.7,75,20.5,270,0.3,1008.1
MUM,Mumbai,Maharashtra,2026-08-29T14:00,28.8,76,20.3,271,0.3,1007.5
MUM,Mumbai,Maharashtra,2026-08-29T15:00,28.6,76,20.2,270,0.3,1007.1
MUM,Mumbai,Maharashtra,2026-08-29T16:00,28.3,77,20.0,269,0.3,1006.7
MUM,Mumbai,Maharashtra,2026-08-29T17:00,28.0,78,19.6,268,0.3,1006.6
MUM,Mumbai,Maharashtra,2026-08-29T18:00,27.8,79,18.8,267,0.1,1006.9
MUM,Mumbai,Maharashtra,2026-08-29T19:00,27.6,81,17.5,265,0.1,1007.4
MUM,Mumbai,Maharashtra,2026-08-29T20:00,27.4,82,16.7,263,0.1,1007.8
MUM,Mumbai,Maharashtra,2026-08-29T21:00,27.2,84,16.3,262,0.2,1008.1
MUM,Mumbai,Maharashtra,2026-08-29T22:00,27.1,86,16.4,262,0.2,1008.3
MUM,Mumbai,Maharashtra,2026-08-29T23:00,26.9,87,16.4,261,0.2,1008.2
MUM,Mumbai,Maharashtra,2026-08-30T00:00,26.5,88,16.4,261,0.3,1007.7
MUM,Mumbai,Maharashtra,2026-08-30T01:00,26.1,89,16.4,262,0.3,1007.0
MUM,Mumbai,Maharashtra,2026-08-30T02:00,25.9,88,16.4,261,0.3,1006.4
MUM,Mumbai,Maharashtra,2026-08-30T03:00,26.1,88,16.7,259,0.3,1006.2
MUM,Mumbai,Maharashtra,2026-08-30T04:00,26.4,87,17.2,256,0.3,1006.1
MUM,Mumbai,Maharashtra,2026-08-30T05:00,26.8,86,17.8,254,0.3,1006.3
MUM,Mumbai,Maharashtra,2026-08-30T06:00,27.1,84,18.2,254,0.3,1006.8
MUM,Mumbai,Maharashtra,2026-08-30T07:00,27.4,82,18.5,255,0.3,1007.4
MUM,Mumbai,Maharashtra,2026-08-30T08:00,27.7,81,18.9,257,0.3,1008.0
MUM,Mumbai,Maharashtra,2026-08-30T09:00,28.1,80,19.7,260,0.7,1008.5
MUM,Mumbai,Maharashtra,2026-08-30T10:00,28.4,79,20.6,264,0.7,1009.0
MUM,Mumbai,Maharashtra,2026-08-30T11:00,28.6,78,21.3,267,0.7,1009.2
MUM,Mumbai,Maharashtra,2026-08-30T12:00,28.7,77,21.1,269,0.4,1008.9
MUM,Mumbai,Maharashtra,2026-08-30T13:00,28.7,77,20.2,270,0.4,1008.3
MUM,Mumbai,Maharashtra,2026-08-30T14:00,28.6,78,19.4,271,0.4,1007.8
MUM,Mumbai,Maharashtra,2026-08-30T15:00,28.4,78,18.9,270,0.1,1007.4
MUM,Mumbai,Maharashtra,2026-08-30T16:00,28.1,79,18.4,269,0.1,1007.0
MUM,Mumbai,Maharashtra,2026-08-30T17:00,27.8,80,17.8,267,0.1,1006.9
MUM,Mumbai,Maharashtra,2026-08-30T18:00,27.6,81,17.0,264,0.1,1007.2
MUM,Mumbai,Maharashtra,2026-08-30T19:00,27.4,82,16.3,259,0.1,1007.7
MUM,Mumbai,Maharashtra,2026-08-30T20:00,27.2,83,15.6,256,0.1,1008.2
MUM,Mumbai,Maharashtra,2026-08-30T21:00,26.8,85,15.1,255,0.1,1008.6
MUM,Mumbai,Maharashtra,2026-08-30T22:00,26.4,89,14.7,256,0.1,1008.9
MUM,Mumbai,Maharashtra,2026-08-30T23:00,26.1,91,14.3,256,0.1,1009.1
MUM,Mumbai,Maharashtra,2026-08-31T00:00,26.6,87,14.9,255,0.1,1008.7
MUM,Mumbai,Maharashtra,2026-08-31T01:00,26.5,87,15.0,254,0.1,1008.3
MUM,Mumbai,Maharashtra,2026-08-31T02:00,26.3,87,15.0,253,0.1,1007.8
MUM,Mumbai,Maharashtra,2026-08-31T03:00,26.3,87,15.3,253,0.1,1007.4
MUM,Mumbai,Maharashtra,2026-08-31T04:00,26.3,86,15.6,253,0.1,1007.0
MUM,Mumbai,Maharashtra,2026-08-31T05:00,26.4,85,15.9,254,0.1,1006.9
MUM,Mumbai,Maharashtra,2026-08-31T06:00,26.6,84,16.3,256,0.2,1007.1
MUM,Mumbai,Maharashtra,2026-08-31T07:00,26.9,83,16.9,259,0.2,1007.5
MUM,Mumbai,Maharashtra,2026-08-31T08:00,27.3,81,17.6,262,0.2,1008.0
MUM,Mumbai,Maharashtra,2026-08-31T09:00,27.7,79,18.3,264,0.2,1008.6
MUM,Mumbai,Maharashtra,2026-08-31T10:00,28.1,78,18.8,266,0.2,1009.0
MUM,Mumbai,Maharashtra,2026-08-31T11:00,28.3,77,18.9,267,0.2,1009.1
MUM,Mumbai,Maharashtra,2026-08-31T12:00,28.4,76,18.7,267,0.4,1008.9
MUM,Mumbai,Maharashtra,2026-08-31T13:00,28.4,75,18.2,267,0.4,1008.5
MUM,Mumbai,Maharashtra,2026-08-31T14:00,28.3,75,17.7,266,0.4,1007.9
MUM,Mumbai,Maharashtra,2026-08-31T15:00,28.2,75,17.0,265,0.4,1007.4
MUM,Mumbai,Maharashtra,2026-08-31T16:00,28.1,75,16.1,264,0.4,1006.9
MUM,Mumbai,Maharashtra,2026-08-31T17:00,27.9,76,15.6,263,0.4,1006.7
MUM,Mumbai,Maharashtra,2026-08-31T18:00,27.7,77,15.1,262,0.3,1006.8
MUM,Mumbai,Maharashtra,2026-08-31T19:00,27.5,79,14.6,261,0.3,1007.1
MUM,Mumbai,Maharashtra,2026-08-31T20:00,27.2,81,14.1,260,0.3,1007.5
MUM,Mumbai,Maharashtra,2026-08-31T21:00,26.9,83,13.5,260,0.3,1007.9
MUM,Mumbai,Maharashtra,2026-08-31T22:00,26.6,85,13.0,260,0.3,1008.3
MUM,Mumbai,Maharashtra,2026-08-31T23:00,26.4,87,12.8,259,0.3,1008.4
PUN,Pune,Maharashtra,2026-08-25T00:00,23.0,89,11.0,264,0.0,946.9
PUN,Pune,Maharashtra,2026-08-25T01:00,22.8,91,11.5,261,0.0,946.5
PUN,Pune,Maharashtra,2026-08-25T02:00,22.9,90,12.2,262,0.0,945.6
PUN,Pune,Maharashtra,2026-08-25T03:00,22.6,90,11.2,264,0.0,945.6
PUN,Pune,Maharashtra,2026-08-25T04:00,22.6,90,10.9,279,0.0,945.3
PUN,Pune,Maharashtra,2026-08-25T05:00,22.4,91,11.7,279,0.0,945.7
PUN,Pune,Maharashtra,2026-08-25T06:00,22.0,92,10.3,273,0.0,946.3
PUN,Pune,Maharashtra,2026-08-25T07:00,23.0,87,10.3,266,0.0,947.1
PUN,Pune,Maharashtra,2026-08-25T08:00,24.4,79,13.2,267,0.0,947.8
PUN,Pune,Maharashtra,2026-08-25T09:00,25.4,75,13.4,266,0.0,948.2
PUN,Pune,Maharashtra,2026-08-25T10:00,26.4,70,14.2,270,0.0,948.4
PUN,Pune,Maharashtra,2026-08-25T11:00,26.8,69,15.3,271,0.0,948.4
PUN,Pune,Maharashtra,2026-08-25T12:00,27.9,63,16.2,269,0.0,948.1
PUN,Pune,Maharashtra,2026-08-25T13:00,28.1,63,17.3,268,0.0,947.1
PUN,Pune,Maharashtra,2026-08-25T14:00,27.0,69,17.6,269,0.0,945.9
PUN,Pune,Maharashtra,2026-08-25T15:00,27.0,71,18.4,266,0.3,945.4
PUN,Pune,Maharashtra,2026-08-25T16:00,26.8,72,17.1,266,0.0,945.2
PUN,Pune,Maharashtra,2026-08-25T17:00,26.0,76,16.6,264,0.0,945.2
PUN,Pune,Maharashtra,2026-08-25T18:00,24.5,83,14.7,264,0.0,945.7
PUN,Pune,Maharashtra,2026-08-25T19:00,23.6,88,13.6,265,0.0,946.5
PUN,Pune,Maharashtra,2026-08-25T20:00,23.3,89,11.8,263,0.0,947.3
PUN,Pune,Maharashtra,2026-08-25T21:00,23.4,89,11.1,263,0.0,948.0
PUN,Pune,Maharashtra,2026-08-25T22:00,23.3,90,11.1,263,0.0,948.5
PUN,Pune,Maharashtra,2026-08-25T23:00,23.2,90,10.9,261,0.0,948.4
PUN,Pune,Maharashtra,2026-08-26T00:00,23.2,90,12.1,265,0.0,948.1
PUN,Pune,Maharashtra,2026-08-26T01:00,23.0,90,13.6,265,0.0,947.3
PUN,Pune,Maharashtra,2026-08-26T02:00,23.0,90,13.8,262,0.0,946.6
PUN,Pune,Maharashtra,2026-08-26T03:00,22.9,90,13.9,265,0.0,946.2
PUN,Pune,Maharashtra,2026-08-26T04:00,22.7,92,12.8,268,0.0,945.9
PUN,Pune,Maharashtra,2026-08-26T05:00,22.9,92,11.7,273,0.1,946.2
PUN,Pune,Maharashtra,2026-08-26T06:00,23.0,92,12.4,268,0.1,946.7
PUN,Pune,Maharashtra,2026-08-26T07:00,23.2,90,14.2,269,0.2,947.3
PUN,Pune,Maharashtra,2026-08-26T08:00,24.1,85,17.5,266,0.1,947.9
PUN,Pune,Maharashtra,2026-08-26T09:00,25.7,76,18.7,270,0.0,948.6
PUN,Pune,Maharashtra,2026-08-26T10:00,26.9,71,19.8,273,0.0,948.8
PUN,Pune,Maharashtra,2026-08-26T11:00,27.7,68,19.5,272,0.0,948.6
PUN,Pune,Maharashtra,2026-08-26T12:00,28.2,65,20.3,269,0.0,948.4
PUN,Pune,Maharashtra,2026-08-26T13:00,28.2,65,19.6,271,0.0,947.8
PUN,Pune,Maharashtra,2026-08-26T14:00,27.9,66,20.9,267,0.2,946.9
PUN,Pune,Maharashtra,2026-08-26T15:00,27.3,70,20.4,267,0.1,946.2
PUN,Pune,Maharashtra,2026-08-26T16:00,26.8,73,20.2,268,0.0,945.7
PUN,Pune,Maharashtra,2026-08-26T17:00,25.6,76,19.5,268,0.0,945.5
PUN,Pune,Maharashtra,2026-08-26T18:00,24.2,82,16.4,269,0.0,946.0
PUN,Pune,Maharashtra,2026-08-26T19:00,23.5,86,15.0,266,0.0,946.8
PUN,Pune,Maharashtra,2026-08-26T20:00,23.4,87,13.4,265,0.0,947.6
PUN,Pune,Maharashtra,2026-08-26T21:00,23.3,89,13.3,262,0.0,948.3
PUN,Pune,Maharashtra,2026-08-26T22:00,23.2,90,13.0,265,0.0,948.8
PUN,Pune,Maharashtra,2026-08-26T23:00,23.2,90,13.3,261,0.0,948.2
PUN,Pune,Maharashtra,2026-08-27T00:00,23.1,90,14.3,263,0.0,947.7
PUN,Pune,Maharashtra,2026-08-27T01:00,23.1,90,14.5,265,0.1,947.0
PUN,Pune,Maharashtra,2026-08-27T02:00,23.0,91,14.5,263,0.1,946.5
PUN,Pune,Maharashtra,2026-08-27T03:00,23.0,90,14.7,263,0.1,946.0
PUN,Pune,Maharashtra,2026-08-27T04:00,23.0,90,15.4,264,0.1,946.0
PUN,Pune,Maharashtra,2026-08-27T05:00,23.0,90,15.8,268,0.0,946.3
PUN,Pune,Maharashtra,2026-08-27T06:00,22.8,90,15.7,269,0.0,946.8
PUN,Pune,Maharashtra,2026-08-27T07:00,23.3,89,14.0,269,0.0,947.3
PUN,Pune,Maharashtra,2026-08-27T08:00,23.9,85,18.4,271,0.1,948.0
PUN,Pune,Maharashtra,2026-08-27T09:00,25.5,76,21.6,272,0.1,948.6
PUN,Pune,Maharashtra,2026-08-27T10:00,25.9,75,20.9,272,0.0,948.8
PUN,Pune,Maharashtra,2026-08-27T11:00,26.5,73,21.1,267,0.0,948.5
PUN,Pune,Maharashtra,2026-08-27T12:00,26.9,72,21.2,269,0.1,948.0
PUN,Pune,Maharashtra,2026-08-27T13:00,27.1,70,21.3,265,0.0,947.0
PUN,Pune,Maharashtra,2026-08-27T14:00,27.1,70,22.7,266,0.2,946.2
PUN,Pune,Maharashtra,2026-08-27T15:00,26.6,72,22.1,270,0.1,945.9
PUN,Pune,Maharashtra,2026-08-27T16:00,26.1,73,22.5,269,0.1,945.6
PUN,Pune,Maharashtra,2026-08-27T17:00,24.7,81,19.1,265,0.0,945.3
PUN,Pune,Maharashtra,2026-08-27T18:00,24.0,84,17.4,264,0.0,945.6
PUN,Pune,Maharashtra,2026-08-27T19:00,23.4,87,15.0,264,0.0,946.3
PUN,Pune,Maharashtra,2026-08-27T20:00,23.4,88,14.9,261,0.0,947.0
PUN,Pune,Maharashtra,2026-08-27T21:00,23.3,89,14.4,262,0.0,947.4
PUN,Pune,Maharashtra,2026-08-27T22:00,23.3,89,13.8,263,0.0,947.8
PUN,Pune,Maharashtra,2026-08-27T23:00,23.3,89,13.4,262,0.0,947.7
PUN,Pune,Maharashtra,2026-08-28T00:00,23.2,89,15.7,261,0.0,947.0
PUN,Pune,Maharashtra,2026-08-28T01:00,23.1,89,17.2,257,0.0,946.4
PUN,Pune,Maharashtra,2026-08-28T02:00,22.9,90,17.4,259,0.0,945.8
PUN,Pune,Maharashtra,2026-08-28T03:00,22.9,90,16.3,264,0.0,945.6
PUN,Pune,Maharashtra,2026-08-28T04:00,23.0,89,17.9,265,0.0,945.6
PUN,Pune,Maharashtra,2026-08-28T05:00,22.8,90,18.1,264,0.0,945.9
PUN,Pune,Maharashtra,2026-08-28T06:00,22.8,89,19.1,261,0.0,946.3
PUN,Pune,Maharashtra,2026-08-28T07:00,23.2,89,14.4,266,0.0,946.7
PUN,Pune,Maharashtra,2026-08-28T08:00,23.9,86,17.8,262,0.0,947.6
PUN,Pune,Maharashtra,2026-08-28T09:00,25.1,79,22.2,267,0.1,948.1
PUN,Pune,Maharashtra,2026-08-28T10:00,26.1,75,24.0,267,0.2,948.2
PUN,Pune,Maharashtra,2026-08-28T11:00,26.9,71,23.2,261,0.1,947.9
PUN,Pune,Maharashtra,2026-08-28T12:00,26.8,71,24.0,267,0.3,947.3
PUN,Pune,Maharashtra,2026-08-28T13:00,27.1,70,22.9,268,0.3,946.7
PUN,Pune,Maharashtra,2026-08-28T14:00,26.9,71,23.8,266,0.2,946.3
PUN,Pune,Maharashtra,2026-08-28T15:00,26.6,72,22.7,271,0.1,945.7
PUN,Pune,Maharashtra,2026-08-28T16:00,25.8,76,23.0,270,0.4,945.6
PUN,Pune,Maharashtra,2026-08-28T17:00,25.0,81,19.7,266,0.1,945.7
PUN,Pune,Maharashtra,2026-08-28T18:00,24.4,83,18.2,265,0.0,946.1
PUN,Pune,Maharashtra,2026-08-28T19:00,23.8,86,16.8,264,0.0,946.8
PUN,Pune,Maharashtra,2026-08-28T20:00,23.4,88,16.0,262,0.0,947.2
PUN,Pune,Maharashtra,2026-08-28T21:00,23.3,88,15.9,260,0.0,947.5
PUN,Pune,Maharashtra,2026-08-28T22:00,23.4,88,16.1,259,0.0,947.7
PUN,Pune,Maharashtra,2026-08-28T23:00,23.4,88,16.4,258,0.0,947.6
PUN,Pune,Maharashtra,2026-08-29T00:00,23.2,89,16.6,258,0.0,947.1
PUN,Pune,Maharashtra,2026-08-29T01:00,23.0,90,16.7,259,0.0,946.4
PUN,Pune,Maharashtra,2026-08-29T02:00,22.8,90,17.0,260,0.0,945.8
PUN,Pune,Maharashtra,2026-08-29T03:00,22.8,90,17.3,262,0.1,945.6
PUN,Pune,Maharashtra,2026-08-29T04:00,22.8,90,17.7,265,0.1,945.5
PUN,Pune,Maharashtra,2026-08-29T05:00,22.9,90,18.0,266,0.1,945.7
PUN,Pune,Maharashtra,2026-08-29T06:00,23.0,89,17.7,265,0.1,946.2
PUN,Pune,Maharashtra,2026-08-29T07:00,23.1,89,17.4,265,0.1,947.0
PUN,Pune,Maharashtra,2026-08-29T08:00,23.5,87,17.7,264,0.1,947.7
PUN,Pune,Maharashtra,2026-08-29T09:00,24.4,83,20.2,266,0.3,948.1
PUN,Pune,Maharashtra,2026-08-29T10:00,25.6,78,23.4,268,0.3,948.5
PUN,Pune,Maharashtra,2026-08-29T11:00,26.4,74,25.7,270,0.3,948.5
PUN,Pune,Maharashtra,2026-08-29T12:00,26.6,73,25.9,270,0.2,948.0
PUN,Pune,Maharashtra,2026-08-29T13:00,26.5,73,25.2,270,0.2,947.2
PUN,Pune,Maharashtra,2026-08-29T14:00,26.1,74,23.8,270,0.2,946.6
PUN,Pune,Maharashtra,2026-08-29T15:00,25.5,77,21.6,269,0.2,946.2
PUN,Pune,Maharashtra,2026-08-29T16:00,24.7,81,18.9,268,0.2,945.8
PUN,Pune,Maharashtra,2026-08-29T17:00,24.0,85,16.9,267,0.2,945.8
PUN,Pune,Maharashtra,2026-08-29T18:00,23.6,87,16.1,266,0.0,946.1
PUN,Pune,Maharashtra,2026-08-29T19:00,23.3,88,15.9,265,0.0,946.6
PUN,Pune,Maharashtra,2026-08-29T20:00,23.2,89,16.1,265,0.0,946.9
PUN,Pune,Maharashtra,2026-08-29T21:00,23.1,90,16.7,264,0.1,947.1
PUN,Pune,Maharashtra,2026-08-29T22:00,23.1,91,17.4,262,0.1,947.2
PUN,Pune,Maharashtra,2026-08-29T23:00,23.1,92,18.4,262,0.1,947.1
PUN,Pune,Maharashtra,2026-08-30T00:00,23.0,91,19.4,263,0.0,946.5
PUN,Pune,Maharashtra,2026-08-30T01:00,22.9,90,20.5,264,0.0,945.6
PUN,Pune,Maharashtra,2026-08-30T02:00,22.8,89,21.1,265,0.0,945.1
PUN,Pune,Maharashtra,2026-08-30T03:00,22.6,89,21.1,266,0.0,944.8
PUN,Pune,Maharashtra,2026-08-30T04:00,22.5,90,20.8,266,0.0,944.8
PUN,Pune,Maharashtra,2026-08-30T05:00,22.6,89,20.6,266,0.0,945.0
PUN,Pune,Maharashtra,2026-08-30T06:00,22.8,89,20.5,268,0.1,945.5
PUN,Pune,Maharashtra,2026-08-30T07:00,23.1,89,20.9,270,0.1,946.3
PUN,Pune,Maharashtra,2026-08-30T08:00,23.7,87,21.3,272,0.1,946.9
PUN,Pune,Maharashtra,2026-08-30T09:00,24.9,80,22.0,272,0.1,947.5
PUN,Pune,Maharashtra,2026-08-30T10:00,26.4,73,23.0,270,0.1,947.9
PUN,Pune,Maharashtra,2026-08-30T11:00,27.4,68,23.8,270,0.1,948.2
PUN,Pune,Maharashtra,2026-08-30T12:00,27.8,66,24.1,270,0.0,947.9
PUN,Pune,Maharashtra,2026-08-30T13:00,27.9,65,24.3,271,0.0,947.3
PUN,Pune,Maharashtra,2026-08-30T14:00,27.6,66,23.9,271,0.0,946.9
PUN,Pune,Maharashtra,2026-08-30T15:00,26.9,70,22.7,271,0.0,946.5
PUN,Pune,Maharashtra,2026-08-30T16:00,25.9,75,20.9,271,0.0,946.3
PUN,Pune,Maharashtra,2026-08-30T17:00,25.0,80,19.3,271,0.0,946.2
PUN,Pune,Maharashtra,2026-08-30T18:00,24.3,84,17.8,269,0.0,946.5
PUN,Pune,Maharashtra,2026-08-30T19:00,23.7,86,16.4,267,0.0,946.9
PUN,Pune,Maharashtra,2026-08-30T20:00,23.3,88,15.7,265,0.0,947.4
PUN,Pune,Maharashtra,2026-08-30T21:00,23.1,89,15.9,264,0.0,947.7
PUN,Pune,Maharashtra,2026-08-30T22:00,23.0,89,16.5,264,0.0,947.9
PUN,Pune,Maharashtra,2026-08-30T23:00,23.0,88,17.0,263,0.0,948.0
PUN,Pune,Maharashtra,2026-08-31T00:00,22.7,92,16.1,265,0.0,947.5
PUN,Pune,Maharashtra,2026-08-31T01:00,22.5,94,16.1,265,0.0,947.2
PUN,Pune,Maharashtra,2026-08-31T02:00,22.3,94,16.1,266,0.0,946.7
PUN,Pune,Maharashtra,2026-08-31T03:00,22.2,94,16.4,266,0.0,946.2
PUN,Pune,Maharashtra,2026-08-31T04:00,22.3,93,16.6,267,0.0,945.8
PUN,Pune,Maharashtra,2026-08-31T05:00,22.6,92,17.1,268,0.0,945.7
PUN,Pune,Maharashtra,2026-08-31T06:00,23.1,88,17.8,268,0.0,945.9
PUN,Pune,Maharashtra,2026-08-31T07:00,24.0,83,18.7,268,0.0,946.3
PUN,Pune,Maharashtra,2026-08-31T08:00,25.1,77,20.0,269,0.0,946.9
PUN,Pune,Maharashtra,2026-08-31T09:00,26.0,73,20.9,270,0.0,947.5
PUN,Pune,Maharashtra,2026-08-31T10:00,26.9,69,21.8,270,0.0,948.0
PUN,Pune,Maharashtra,2026-08-31T11:00,27.3,67,22.1,270,0.0,948.1
PUN,Pune,Maharashtra,2026-08-31T12:00,27.4,67,22.0,270,0.1,948.1
PUN,Pune,Maharashtra,2026-08-31T13:00,27.2,68,21.6,270,0.1,947.6
PUN,Pune,Maharashtra,2026-08-31T14:00,26.8,69,20.9,269,0.1,947.2
PUN,Pune,Maharashtra,2026-08-31T15:00,26.3,72,20.2,269,0.1,946.6
PUN,Pune,Maharashtra,2026-08-31T16:00,25.8,74,19.3,268,0.1,946.2
PUN,Pune,Maharashtra,2026-08-31T17:00,25.4,76,18.6,268,0.1,946.1
PUN,Pune,Maharashtra,2026-08-31T18:00,25.0,78,17.8,267,0.0,946.2
PUN,Pune,Maharashtra,2026-08-31T19:00,24.5,80,17.1,266,0.0,946.4
PUN,Pune,Maharashtra,2026-08-31T20:00,24.0,83,16.3,265,0.0,946.8
PUN,Pune,Maharashtra,2026-08-31T21:00,23.6,85,15.6,263,0.0,947.2
PUN,Pune,Maharashtra,2026-08-31T22:00,23.2,87,14.9,262,0.0,947.4
PUN,Pune,Maharashtra,2026-08-31T23:00,22.9,88,14.6,261,0.0,947.5
KOL,Kolkata,West Bengal,2026-08-25T00:00,27.1,89,8.2,151,0.4,1002.0
KOL,Kolkata,West Bengal,2026-08-25T01:00,27.2,90,10.1,133,0.2,1001.4
KOL,Kolkata,West Bengal,2026-08-25T02:00,27.1,88,11.2,150,0.1,1001.2
KOL,Kolkata,West Bengal,2026-08-25T03:00,26.7,90,10.3,139,0.0,1001.4
KOL,Kolkata,West Bengal,2026-08-25T04:00,26.5,92,9.4,133,0.1,1001.1
KOL,Kolkata,West Bengal,2026-08-25T05:00,26.4,92,9.6,133,0.0,1001.1
KOL,Kolkata,West Bengal,2026-08-25T06:00,27.4,88,11.6,137,0.0,1001.6
KOL,Kolkata,West Bengal,2026-08-25T07:00,28.5,82,12.7,147,0.0,1002.3
KOL,Kolkata,West Bengal,2026-08-25T08:00,29.7,80,13.9,150,0.0,1002.7
KOL,Kolkata,West Bengal,2026-08-25T09:00,29.7,78,14.2,153,0.7,1002.6
KOL,Kolkata,West Bengal,2026-08-25T10:00,31.0,75,14.1,155,0.1,1002.6
KOL,Kolkata,West Bengal,2026-08-25T11:00,29.3,80,14.8,164,2.0,1002.5
KOL,Kolkata,West Bengal,2026-08-25T12:00,30.6,77,10.4,157,0.2,1001.3
KOL,Kolkata,West Bengal,2026-08-25T13:00,31.9,72,11.9,157,0.2,1000.3
KOL,Kolkata,West Bengal,2026-08-25T14:00,30.8,79,10.8,170,1.0,999.4
KOL,Kolkata,West Bengal,2026-08-25T15:00,30.7,77,13.0,170,0.3,998.8
KOL,Kolkata,West Bengal,2026-08-25T16:00,30.5,74,15.1,177,0.3,998.5
KOL,Kolkata,West Bengal,2026-08-25T17:00,29.5,82,9.2,163,0.0,998.5
KOL,Kolkata,West Bengal,2026-08-25T18:00,29.0,85,9.6,172,0.0,1000.0
KOL,Kolkata,West Bengal,2026-08-25T19:00,28.7,86,9.1,159,0.1,1001.5
KOL,Kolkata,West Bengal,2026-08-25T20:00,28.4,87,9.3,161,0.0,1002.5
KOL,Kolkata,West Bengal,2026-08-25T21:00,28.0,89,7.8,154,0.0,1002.9
KOL,Kolkata,West Bengal,2026-08-25T22:00,27.7,90,7.3,155,0.0,1002.7
KOL,Kolkata,West Bengal,2026-08-25T23:00,26.8,94,5.8,150,1.2,1002.5
KOL,Kolkata,West Bengal,2026-08-26T00:00,26.7,95,8.2,144,0.2,1001.7
KOL,Kolkata,West Bengal,2026-08-26T01:00,26.6,96,5.8,166,0.0,1001.3
KOL,Kolkata,West Bengal,2026-08-26T02:00,26.5,97,6.8,140,0.0,1000.7
KOL,Kolkata,West Bengal,2026-08-26T03:00,26.3,96,7.4,176,0.3,1000.7
KOL,Kolkata,West Bengal,2026-08-26T04:00,26.5,96,2.4,153,0.4,1000.5
KOL,Kolkata,West Bengal,2026-08-26T05:00,26.3,97,7.6,155,0.0,1001.2
KOL,Kolkata,West Bengal,2026-08-26T06:00,26.4,96,6.3,153,0.0,1001.7
KOL,Kolkata,West Bengal,2026-08-26T07:00,27.0,90,7.1,159,0.0,1002.0
KOL,Kolkata,West Bengal,2026-08-26T08:00,28.5,82,6.3,162,0.0,1002.3
KOL,Kolkata,West Bengal,2026-08-26T09:00,29.7,79,5.9,166,0.1,1002.3
KOL,Kolkata,West Bengal,2026-08-26T10:00,30.9,77,5.1,176,0.1,1002.1
KOL,Kolkata,West Bengal,2026-08-26T11:00,31.9,73,5.6,173,0.1,1001.5
KOL,Kolkata,West Bengal,2026-08-26T12:00,31.8,74,4.4,159,0.2,1000.4
KOL,Kolkata,West Bengal,2026-08-26T13:00,28.5,86,12.9,168,3.2,999.7
KOL,Kolkata,West Bengal,2026-08-26T14:00,27.3,94,5.6,159,4.2,998.4
KOL,Kolkata,West Bengal,2026-08-26T15:00,28.7,89,6.0,159,0.8,997.8
KOL,Kolkata,West Bengal,2026-08-26T16:00,29.7,85,6.0,170,0.2,997.7
KOL,Kolkata,West Bengal,2026-08-26T17:00,27.8,93,8.3,191,3.0,998.6
KOL,Kolkata,West Bengal,2026-08-26T18:00,27.7,95,4.2,85,1.1,999.4
KOL,Kolkata,West Bengal,2026-08-26T19:00,27.8,95,6.5,122,0.1,1000.3
KOL,Kolkata,West Bengal,2026-08-26T20:00,27.9,94,7.4,157,0.0,1001.5
KOL,Kolkata,West Bengal,2026-08-26T21:00,27.8,94,7.5,163,0.0,1001.9
KOL,Kolkata,West Bengal,2026-08-26T22:00,27.5,95,7.1,173,0.0,1001.7
KOL,Kolkata,West Bengal,2026-08-26T23:00,27.4,95,5.1,170,0.0,1001.1
KOL,Kolkata,West Bengal,2026-08-27T00:00,27.3,96,4.0,185,0.0,1000.6
KOL,Kolkata,West Bengal,2026-08-27T01:00,27.0,96,8.0,172,0.1,1000.1
KOL,Kolkata,West Bengal,2026-08-27T02:00,26.7,95,7.9,177,0.1,999.3
KOL,Kolkata,West Bengal,2026-08-27T03:00,26.4,96,3.6,160,0.0,999.5
KOL,Kolkata,West Bengal,2026-08-27T04:00,26.0,97,8.0,136,0.4,999.8
KOL,Kolkata,West Bengal,2026-08-27T05:00,25.6,99,5.4,159,2.1,1000.7
KOL,Kolkata,West Bengal,2026-08-27T06:00,25.7,98,7.5,111,4.6,1000.5
KOL,Kolkata,West Bengal,2026-08-27T07:00,26.4,94,8.1,155,0.8,1001.5
KOL,Kolkata,West Bengal,2026-08-27T08:00,28.0,85,7.6,135,0.5,1001.5
KOL,Kolkata,West Bengal,2026-08-27T09:00,29.6,80,5.3,145,0.2,1001.4
KOL,Kolkata,West Bengal,2026-08-27T10:00,30.9,73,4.4,150,0.2,1000.7
KOL,Kolkata,West Bengal,2026-08-27T11:00,32.0,71,6.7,166,0.2,1000.0
KOL,Kolkata,West Bengal,2026-08-27T12:00,32.2,71,6.5,182,0.1,998.8
KOL,Kolkata,West Bengal,2026-08-27T13:00,28.9,84,14.9,181,4.3,998.2
KOL,Kolkata,West Bengal,2026-08-27T14:00,27.7,91,6.7,188,3.5,997.0
KOL,Kolkata,West Bengal,2026-08-27T15:00,29.5,82,6.6,202,0.4,996.5
KOL,Kolkata,West Bengal,2026-08-27T16:00,30.1,81,4.2,192,0.1,996.0
KOL,Kolkata,West Bengal,2026-08-27T17:00,28.6,87,8.7,172,0.5,996.7
KOL,Kolkata,West Bengal,2026-08-27T18:00,28.2,92,5.4,159,0.2,997.8
KOL,Kolkata,West Bengal,2026-08-27T19:00,28.2,93,7.1,164,0.0,999.3
KOL,Kolkata,West Bengal,2026-08-27T20:00,28.2,92,7.0,168,0.0,1000.1
KOL,Kolkata,West Bengal,2026-08-27T21:00,27.9,92,7.3,169,0.0,1000.7
KOL,Kolkata,West Bengal,2026-08-27T22:00,27.7,92,7.1,170,0.0,1000.6
KOL,Kolkata,West Bengal,2026-08-27T23:00,26.9,95,7.6,185,0.9,1000.3
KOL,Kolkata,West Bengal,2026-08-28T00:00,26.8,95,7.5,165,0.4,999.6
KOL,Kolkata,West Bengal,2026-08-28T01:00,26.6,97,4.0,183,0.1,999.4
KOL,Kolkata,West Bengal,2026-08-28T02:00,26.5,97,4.9,147,0.1,998.7
KOL,Kolkata,West Bengal,2026-08-28T03:00,26.4,98,4.2,133,0.0,998.6
KOL,Kolkata,West Bengal,2026-08-28T04:00,26.3,98,4.1,124,0.0,999.0
KOL,Kolkata,West Bengal,2026-08-28T05:00,26.2,98,5.3,125,0.0,999.4
KOL,Kolkata,West Bengal,2026-08-28T06:00,26.5,96,6.3,121,0.0,999.8
KOL,Kolkata,West Bengal,2026-08-28T07:00,27.3,91,7.9,137,0.0,1000.5
KOL,Kolkata,West Bengal,2026-08-28T08:00,28.3,86,7.4,141,0.0,1000.9
KOL,Kolkata,West Bengal,2026-08-28T09:00,29.5,81,5.9,130,0.1,1000.8
KOL,Kolkata,West Bengal,2026-08-28T10:00,30.6,79,4.8,151,0.1,1000.3
KOL,Kolkata,West Bengal,2026-08-28T11:00,31.5,76,5.6,165,0.1,999.7
KOL,Kolkata,West Bengal,2026-08-28T12:00,32.2,75,4.8,167,0.1,998.5
KOL,Kolkata,West Bengal,2026-08-28T13:00,32.4,72,2.7,148,0.1,997.1
KOL,Kolkata,West Bengal,2026-08-28T14:00,28.8,86,12.3,188,4.3,996.8
KOL,Kolkata,West Bengal,2026-08-28T15:00,28.3,92,5.2,166,3.0,996.4
KOL,Kolkata,West Bengal,2026-08-28T16:00,28.9,90,5.4,166,0.4,996.4
KOL,Kolkata,West Bengal,2026-08-28T17:00,29.1,89,4.3,180,0.1,997.0
KOL,Kolkata,West Bengal,2026-08-28T18:00,28.9,90,4.0,170,0.1,998.1
KOL,Kolkata,West Bengal,2026-08-28T19:00,28.6,91,4.7,162,0.1,999.5
KOL,Kolkata,West Bengal,2026-08-28T20:00,28.3,92,5.2,160,0.1,1000.4
KOL,Kolkata,West Bengal,2026-08-28T21:00,28.2,92,4.9,163,0.0,1000.5
KOL,Kolkata,West Bengal,2026-08-28T22:00,28.0,93,4.4,171,0.0,1000.0
KOL,Kolkata,West Bengal,2026-08-28T23:00,27.8,93,4.3,178,0.0,999.6
KOL,Kolkata,West Bengal,2026-08-29T00:00,27.4,94,4.9,182,0.5,999.2
KOL,Kolkata,West Bengal,2026-08-29T01:00,26.9,95,5.6,182,0.5,998.8
KOL,Kolkata,West Bengal,2026-08-29T02:00,26.4,95,6.0,177,0.5,998.6
KOL,Kolkata,West Bengal,2026-08-29T03:00,26.0,97,5.6,158,0.9,998.7
KOL,Kolkata,West Bengal,2026-08-29T04:00,25.6,98,6.2,131,0.9,999.0
KOL,Kolkata,West Bengal,2026-08-29T05:00,25.6,98,7.0,119,0.9,999.4
KOL,Kolkata,West Bengal,2026-08-29T06:00,26.2,95,6.4,122,0.1,999.9
KOL,Kolkata,West Bengal,2026-08-29T07:00,27.2,90,5.1,135,0.1,1000.4
KOL,Kolkata,West Bengal,2026-08-29T08:00,28.3,86,4.2,149,0.1,1000.7
KOL,Kolkata,West Bengal,2026-08-29T09:00,29.5,81,3.3,144,0.2,1000.6
KOL,Kolkata,West Bengal,2026-08-29T10:00,30.9,76,2.7,127,0.2,1000.3
KOL,Kolkata,West Bengal,2026-08-29T11:00,31.8,73,2.3,108,0.2,999.6
KOL,Kolkata,West Bengal,2026-08-29T12:00,32.2,72,1.7,108,0.1,998.4
KOL,Kolkata,West Bengal,2026-08-29T13:00,32.3,72,0.9,127,0.1,996.8
KOL,Kolkata,West Bengal,2026-08-29T14:00,32.0,74,0.7,166,0.1,995.8
KOL,Kolkata,West Bengal,2026-08-29T15:00,31.2,78,1.1,180,0.5,995.7
KOL,Kolkata,West Bengal,2026-08-29T16:00,30.1,83,1.6,180,0.5,996.1
KOL,Kolkata,West Bengal,2026-08-29T17:00,29.2,88,2.2,189,0.5,996.6
KOL,Kolkata,West Bengal,2026-08-29T18:00,28.6,91,2.9,210,0.7,997.6
KOL,Kolkata,West Bengal,2026-08-29T19:00,28.2,93,3.8,225,0.7,998.7
KOL,Kolkata,West Bengal,2026-08-29T20:00,27.9,95,4.8,236,0.7,999.5
KOL,Kolkata,West Bengal,2026-08-29T21:00,27.6,95,5.5,247,0.0,999.5
KOL,Kolkata,West Bengal,2026-08-29T22:00,27.4,93,5.9,258,0.0,999.1
KOL,Kolkata,West Bengal,2026-08-29T23:00,27.1,93,6.0,263,0.0,998.7
KOL,Kolkata,West Bengal,2026-08-30T00:00,26.8,94,5.1,262,1.3,998.4
KOL,Kolkata,West Bengal,2026-08-30T01:00,26.4,95,3.7,259,1.3,998.1
KOL,Kolkata,West Bengal,2026-08-30T02:00,26.1,97,2.4,243,1.3,997.9
KOL,Kolkata,West Bengal,2026-08-30T03:00,26.0,97,1.7,212,0.1,997.8
KOL,Kolkata,West Bengal,2026-08-30T04:00,26.0,97,2.0,170,0.1,997.7
KOL,Kolkata,West Bengal,2026-08-30T05:00,26.2,95,2.5,159,0.1,997.9
KOL,Kolkata,West Bengal,2026-08-30T06:00,26.8,92,2.4,171,0.1,998.5
KOL,Kolkata,West Bengal,2026-08-30T07:00,27.7,88,2.3,203,0.1,999.3
KOL,Kolkata,West Bengal,2026-08-30T08:00,28.6,84,2.4,228,0.1,999.8
KOL,Kolkata,West Bengal,2026-08-30T09:00,29.5,81,2.0,243,0.1,999.8
KOL,Kolkata,West Bengal,2026-08-30T10:00,30.4,79,1.6,276,0.1,999.6
KOL,Kolkata,West Bengal,2026-08-30T11:00,31.1,77,1.8,307,0.1,999.1
KOL,Kolkata,West Bengal,2026-08-30T12:00,31.6,75,2.7,307,0.5,997.9
KOL,Kolkata,West Bengal,2026-08-30T13:00,31.9,74,3.6,307,0.5,996.4
KOL,Kolkata,West Bengal,2026-08-30T14:00,31.6,76,3.6,311,0.5,995.4
KOL,Kolkata,West Bengal,2026-08-30T15:00,30.2,82,2.2,351,4.2,995.4
KOL,Kolkata,West Bengal,2026-08-30T16:00,28.3,90,3.6,60,4.2,995.9
KOL,Kolkata,West Bengal,2026-08-30T17:00,26.9,97,5.3,78,4.2,996.6
KOL,Kolkata,West Bengal,2026-08-30T18:00,26.8,99,4.7,92,1.2,997.4
KOL,Kolkata,West Bengal,2026-08-30T19:00,27.3,98,3.3,126,1.2,998.4
KOL,Kolkata,West Bengal,2026-08-30T20:00,27.6,97,3.5,165,1.2,999.1
KOL,Kolkata,West Bengal,2026-08-30T21:00,27.2,97,4.7,187,0.7,999.3
KOL,Kolkata,West Bengal,2026-08-30T22:00,26.6,97,6.3,198,0.7,999.3
KOL,Kolkata,West Bengal,2026-08-30T23:00,26.2,97,7.3,205,0.7,999.2
KOL,Kolkata,West Bengal,2026-08-31T00:00,26.2,99,2.4,63,1.1,999.0
KOL,Kolkata,West Bengal,2026-08-31T01:00,25.9,99,3.4,65,1.1,999.0
KOL,Kolkata,West Bengal,2026-08-31T02:00,25.7,100,4.3,66,1.1,998.8
KOL,Kolkata,West Bengal,2026-08-31T03:00,25.6,100,5.4,70,1.1,998.6
KOL,Kolkata,West Bengal,2026-08-31T04:00,25.7,99,6.0,73,1.1,998.4
KOL,Kolkata,West Bengal,2026-08-31T05:00,26.0,97,6.5,76,1.1,998.3
KOL,Kolkata,West Bengal,2026-08-31T06:00,26.7,94,6.6,81,0.1,998.3
KOL,Kolkata,West Bengal,2026-08-31T07:00,27.8,89,6.3,87,0.1,998.5
KOL,Kolkata,West Bengal,2026-08-31T08:00,29.0,83,6.0,97,0.1,998.6
KOL,Kolkata,West Bengal,2026-08-31T09:00,30.2,79,5.8,106,0.1,998.8
KOL,Kolkata,West Bengal,2026-08-31T10:00,31.1,76,5.8,116,0.1,998.9
KOL,Kolkata,West Bengal,2026-08-31T11:00,31.5,74,5.7,122,0.1,998.9
KOL,Kolkata,West Bengal,2026-08-31T12:00,31.3,75,5.8,126,1.5,998.7
KOL,Kolkata,West Bengal,2026-08-31T13:00,30.6,79,5.5,128,1.5,998.3
KOL,Kolkata,West Bengal,2026-08-31T14:00,29.6,83,5.4,130,1.5,997.8
KOL,Kolkata,West Bengal,2026-08-31T15:00,28.5,87,5.1,129,1.5,997.4
KOL,Kolkata,West Bengal,2026-08-31T16:00,27.6,92,4.8,132,1.5,997.1
KOL,Kolkata,West Bengal,2026-08-31T17:00,27.0,95,4.7,133,1.5,997.1
KOL,Kolkata,West Bengal,2026-08-31T18:00,26.7,97,4.6,138,0.1,997.4
KOL,Kolkata,West Bengal,2026-08-31T19:00,26.7,97,4.6,144,0.1,998.0
KOL,Kolkata,West Bengal,2026-08-31T20:00,26.8,97,4.6,149,0.1,998.7
KOL,Kolkata,West Bengal,2026-08-31T21:00,26.9,96,4.7,152,0.1,999.4
KOL,Kolkata,West Bengal,2026-08-31T22:00,27.0,95,4.7,152,0.1,1000.0
KOL,Kolkata,West Bengal,2026-08-31T23:00,27.0,95,4.4,148,0.1,1000.4
BLR,Bengaluru,Karnataka,2026-08-25T00:00,21.2,91,13.7,252,0.0,911.8
BLR,Bengaluru,Karnataka,2026-08-25T01:00,21.0,93,12.7,257,0.0,911.5
BLR,Bengaluru,Karnataka,2026-08-25T02:00,20.9,93,12.2,251,0.0,911.1
BLR,Bengaluru,Karnataka,2026-08-25T03:00,20.8,93,13.7,254,0.0,910.5
BLR,Bengaluru,Karnataka,2026-08-25T04:00,20.6,94,12.9,250,0.0,910.5
BLR,Bengaluru,Karnataka,2026-08-25T05:00,20.6,94,12.7,252,0.0,911.1
BLR,Bengaluru,Karnataka,2026-08-25T06:00,20.8,93,13.8,259,0.1,911.6
BLR,Bengaluru,Karnataka,2026-08-25T07:00,21.0,93,12.1,253,0.2,912.5
BLR,Bengaluru,Karnataka,2026-08-25T08:00,22.3,85,15.8,256,0.2,913.5
BLR,Bengaluru,Karnataka,2026-08-25T09:00,23.6,81,17.6,262,0.1,913.7
BLR,Bengaluru,Karnataka,2026-08-25T10:00,25.1,72,19.7,266,0.2,913.8
BLR,Bengaluru,Karnataka,2026-08-25T11:00,25.0,72,19.4,264,0.1,913.3
BLR,Bengaluru,Karnataka,2026-08-25T12:00,26.8,64,20.2,268,0.2,912.8
BLR,Bengaluru,Karnataka,2026-08-25T13:00,27.3,62,20.0,267,0.3,911.9
BLR,Bengaluru,Karnataka,2026-08-25T14:00,27.4,61,20.2,268,0.1,910.9
BLR,Bengaluru,Karnataka,2026-08-25T15:00,26.7,63,18.8,263,0.7,910.2
BLR,Bengaluru,Karnataka,2026-08-25T16:00,24.9,73,16.5,245,0.5,910.2
BLR,Bengaluru,Karnataka,2026-08-25T17:00,22.9,81,14.2,272,0.7,910.7
BLR,Bengaluru,Karnataka,2026-08-25T18:00,23.0,82,14.8,254,0.3,910.8
BLR,Bengaluru,Karnataka,2026-08-25T19:00,22.7,86,13.1,258,0.0,911.7
BLR,Bengaluru,Karnataka,2026-08-25T20:00,22.8,84,14.9,259,0.0,912.5
BLR,Bengaluru,Karnataka,2026-08-25T21:00,22.3,85,14.3,258,0.0,913.2
BLR,Bengaluru,Karnataka,2026-08-25T22:00,21.9,87,14.1,256,0.0,913.5
BLR,Bengaluru,Karnataka,2026-08-25T23:00,21.7,88,14.6,254,0.0,913.3
BLR,Bengaluru,Karnataka,2026-08-26T00:00,21.4,90,14.7,256,0.0,912.7
BLR,Bengaluru,Karnataka,2026-08-26T01:00,21.3,90,15.0,259,0.0,912.1
BLR,Bengaluru,Karnataka,2026-08-26T02:00,21.2,90,15.8,262,0.0,911.6
BLR,Bengaluru,Karnataka,2026-08-26T03:00,21.0,91,15.9,264,0.0,911.3
BLR,Bengaluru,Karnataka,2026-08-26T04:00,20.9,91,16.0,267,0.0,911.0
BLR,Bengaluru,Karnataka,2026-08-26T05:00,20.7,91,15.5,269,0.0,911.5
BLR,Bengaluru,Karnataka,2026-08-26T06:00,20.6,92,14.4,269,0.0,911.9
BLR,Bengaluru,Karnataka,2026-08-26T07:00,21.6,88,13.0,268,0.0,912.6
BLR,Bengaluru,Karnataka,2026-08-26T08:00,22.5,84,17.8,262,0.2,913.4
BLR,Bengaluru,Karnataka,2026-08-26T09:00,23.5,79,18.7,263,0.2,913.8
BLR,Bengaluru,Karnataka,2026-08-26T10:00,25.0,71,19.6,267,0.1,914.2
BLR,Bengaluru,Karnataka,2026-08-26T11:00,26.2,66,20.0,263,0.1,914.2
BLR,Bengaluru,Karnataka,2026-08-26T12:00,27.1,62,19.1,265,0.2,913.5
BLR,Bengaluru,Karnataka,2026-08-26T13:00,27.7,60,19.1,269,0.2,912.6
BLR,Bengaluru,Karnataka,2026-08-26T14:00,27.6,63,18.1,276,0.0,911.7
BLR,Bengaluru,Karnataka,2026-08-26T15:00,27.6,62,17.6,270,0.0,910.7
BLR,Bengaluru,Karnataka,2026-08-26T16:00,27.0,65,16.7,259,0.1,910.3
BLR,Bengaluru,Karnataka,2026-08-26T17:00,25.6,71,14.7,256,0.4,910.4
BLR,Bengaluru,Karnataka,2026-08-26T18:00,24.4,74,16.0,253,0.0,910.9
BLR,Bengaluru,Karnataka,2026-08-26T19:00,23.4,81,16.1,264,0.0,911.8
BLR,Bengaluru,Karnataka,2026-08-26T20:00,22.9,82,17.9,264,0.0,912.9
BLR,Bengaluru,Karnataka,2026-08-26T21:00,22.1,86,17.6,264,0.0,913.6
BLR,Bengaluru,Karnataka,2026-08-26T22:00,21.4,88,17.7,266,0.0,913.7
BLR,Bengaluru,Karnataka,2026-08-26T23:00,21.0,90,17.6,270,0.0,913.3
BLR,Bengaluru,Karnataka,2026-08-27T00:00,20.8,92,17.5,270,0.0,912.6
BLR,Bengaluru,Karnataka,2026-08-27T01:00,20.6,93,16.2,270,0.0,912.0
BLR,Bengaluru,Karnataka,2026-08-27T02:00,20.5,93,16.2,271,0.0,911.4
BLR,Bengaluru,Karnataka,2026-08-27T03:00,20.3,94,16.4,268,0.0,911.0
BLR,Bengaluru,Karnataka,2026-08-27T04:00,20.3,93,16.7,263,0.0,911.0
BLR,Bengaluru,Karnataka,2026-08-27T05:00,20.6,90,16.8,261,0.0,911.5
BLR,Bengaluru,Karnataka,2026-08-27T06:00,20.9,88,16.0,261,0.0,912.0
BLR,Bengaluru,Karnataka,2026-08-27T07:00,21.6,85,14.7,258,0.0,912.6
BLR,Bengaluru,Karnataka,2026-08-27T08:00,22.8,79,19.3,266,0.0,913.5
BLR,Bengaluru,Karnataka,2026-08-27T09:00,24.3,71,21.2,270,0.0,913.9
BLR,Bengaluru,Karnataka,2026-08-27T10:00,25.8,64,20.7,270,0.0,914.0
BLR,Bengaluru,Karnataka,2026-08-27T11:00,25.8,64,19.6,273,0.0,913.7
BLR,Bengaluru,Karnataka,2026-08-27T12:00,27.3,58,20.0,274,0.0,913.1
BLR,Bengaluru,Karnataka,2026-08-27T13:00,28.0,55,18.0,277,0.1,912.0
BLR,Bengaluru,Karnataka,2026-08-27T14:00,28.7,55,18.4,282,0.1,911.1
BLR,Bengaluru,Karnataka,2026-08-27T15:00,28.1,55,16.3,278,0.1,910.4
BLR,Bengaluru,Karnataka,2026-08-27T16:00,27.4,60,15.5,265,0.3,910.1
BLR,Bengaluru,Karnataka,2026-08-27T17:00,23.5,78,18.1,279,0.6,910.4
BLR,Bengaluru,Karnataka,2026-08-27T18:00,23.3,84,12.6,256,0.4,910.5
BLR,Bengaluru,Karnataka,2026-08-27T19:00,23.6,83,13.8,258,0.0,911.5
BLR,Bengaluru,Karnataka,2026-08-27T20:00,23.0,83,15.8,253,0.0,912.5
BLR,Bengaluru,Karnataka,2026-08-27T21:00,22.2,85,15.8,253,0.0,913.1
BLR,Bengaluru,Karnataka,2026-08-27T22:00,21.4,89,16.0,255,0.0,913.5
BLR,Bengaluru,Karnataka,2026-08-27T23:00,20.8,92,15.6,259,0.0,913.2
BLR,Bengaluru,Karnataka,2026-08-28T00:00,20.5,93,15.1,261,0.0,912.5
BLR,Bengaluru,Karnataka,2026-08-28T01:00,20.4,93,15.2,263,0.0,912.0
BLR,Bengaluru,Karnataka,2026-08-28T02:00,20.3,93,15.5,262,0.0,911.2
BLR,Bengaluru,Karnataka,2026-08-28T03:00,20.4,93,15.4,263,0.0,911.0
BLR,Bengaluru,Karnataka,2026-08-28T04:00,20.6,91,15.3,261,0.0,910.9
BLR,Bengaluru,Karnataka,2026-08-28T05:00,20.8,90,15.6,262,0.0,911.0
BLR,Bengaluru,Karnataka,2026-08-28T06:00,20.8,90,15.1,261,0.0,911.5
BLR,Bengaluru,Karnataka,2026-08-28T07:00,21.3,86,16.7,263,0.0,912.2
BLR,Bengaluru,Karnataka,2026-08-28T08:00,22.7,78,19.1,267,0.0,913.3
BLR,Bengaluru,Karnataka,2026-08-28T09:00,23.9,73,18.4,267,0.1,913.6
BLR,Bengaluru,Karnataka,2026-08-28T10:00,25.0,67,20.0,270,0.0,913.7
BLR,Bengaluru,Karnataka,2026-08-28T11:00,26.4,61,20.5,272,0.0,913.5
BLR,Bengaluru,Karnataka,2026-08-28T12:00,27.4,57,18.9,270,0.1,912.7
BLR,Bengaluru,Karnataka,2026-08-28T13:00,28.6,54,18.6,272,0.0,911.8
BLR,Bengaluru,Karnataka,2026-08-28T14:00,28.8,54,17.2,276,0.0,911.0
BLR,Bengaluru,Karnataka,2026-08-28T15:00,28.8,54,17.8,276,0.0,910.3
BLR,Bengaluru,Karnataka,2026-08-28T16:00,27.0,60,14.8,261,0.3,910.3
BLR,Bengaluru,Karnataka,2026-08-28T17:00,24.0,75,11.1,300,0.8,911.1
BLR,Bengaluru,Karnataka,2026-08-28T18:00,23.4,78,10.6,285,0.0,911.6
BLR,Bengaluru,Karnataka,2026-08-28T19:00,23.3,79,12.3,262,0.0,912.4
BLR,Bengaluru,Karnataka,2026-08-28T20:00,23.0,80,14.6,251,0.0,913.0
BLR,Bengaluru,Karnataka,2026-08-28T21:00,22.2,83,15.0,252,0.0,913.3
BLR,Bengaluru,Karnataka,2026-08-28T22:00,21.3,87,14.6,256,0.0,913.4
BLR,Bengaluru,Karnataka,2026-08-28T23:00,20.6,90,14.2,261,0.0,913.4
BLR,Bengaluru,Karnataka,2026-08-29T00:00,20.2,92,14.2,261,0.0,912.9
BLR,Bengaluru,Karnataka,2026-08-29T01:00,20.0,93,14.4,261,0.0,912.1
BLR,Bengaluru,Karnataka,2026-08-29T02:00,19.8,94,14.4,261,0.0,911.5
BLR,Bengaluru,Karnataka,2026-08-29T03:00,19.4,95,14.1,260,0.0,911.3
BLR,Bengaluru,Karnataka,2026-08-29T04:00,19.1,97,13.8,259,0.0,911.2
BLR,Bengaluru,Karnataka,2026-08-29T05:00,19.2,95,14.1,260,0.0,911.4
BLR,Bengaluru,Karnataka,2026-08-29T06:00,19.9,90,15.4,263,0.0,912.0
BLR,Bengaluru,Karnataka,2026-08-29T07:00,21.1,83,17.5,266,0.0,912.8
BLR,Bengaluru,Karnataka,2026-08-29T08:00,22.4,76,19.3,269,0.0,913.4
BLR,Bengaluru,Karnataka,2026-08-29T09:00,23.9,69,20.3,271,0.0,913.6
BLR,Bengaluru,Karnataka,2026-08-29T10:00,25.7,62,21.3,273,0.0,913.7
BLR,Bengaluru,Karnataka,2026-08-29T11:00,27.0,56,21.5,275,0.0,913.5
BLR,Bengaluru,Karnataka,2026-08-29T12:00,27.9,53,21.0,277,0.1,912.9
BLR,Bengaluru,Karnataka,2026-08-29T13:00,28.4,51,20.3,280,0.1,912.1
BLR,Bengaluru,Karnataka,2026-08-29T14:00,28.5,51,18.7,281,0.1,911.4
BLR,Bengaluru,Karnataka,2026-08-29T15:00,27.8,55,16.0,278,0.1,911.0
BLR,Bengaluru,Karnataka,2026-08-29T16:00,26.7,61,12.6,272,0.1,910.8
BLR,Bengaluru,Karnataka,2026-08-29T17:00,25.6,67,10.9,264,0.1,910.8
BLR,Bengaluru,Karnataka,2026-08-29T18:00,24.7,71,11.3,260,0.0,911.3
BLR,Bengaluru,Karnataka,2026-08-29T19:00,24.0,74,13.1,258,0.0,912.0
BLR,Bengaluru,Karnataka,2026-08-29T20:00,23.2,77,14.4,258,0.0,912.6
BLR,Bengaluru,Karnataka,2026-08-29T21:00,22.3,80,14.9,258,0.0,912.9
BLR,Bengaluru,Karnataka,2026-08-29T22:00,21.5,84,15.2,260,0.0,913.0
BLR,Bengaluru,Karnataka,2026-08-29T23:00,20.8,87,15.1,261,0.0,912.9
BLR,Bengaluru,Karnataka,2026-08-30T00:00,20.2,90,14.8,261,0.0,912.4
BLR,Bengaluru,Karnataka,2026-08-30T01:00,19.8,93,14.3,260,0.0,911.6
BLR,Bengaluru,Karnataka,2026-08-30T02:00,19.4,95,13.8,258,0.0,911.0
BLR,Bengaluru,Karnataka,2026-08-30T03:00,19.1,96,13.4,255,0.0,910.7
BLR,Bengaluru,Karnataka,2026-08-30T04:00,18.8,97,13.0,252,0.0,910.6
BLR,Bengaluru,Karnataka,2026-08-30T05:00,19.0,95,13.4,252,0.0,910.7
BLR,Bengaluru,Karnataka,2026-08-30T06:00,20.0,90,15.1,255,0.0,911.3
BLR,Bengaluru,Karnataka,2026-08-30T07:00,21.3,83,17.4,259,0.0,912.2
BLR,Bengaluru,Karnataka,2026-08-30T08:00,22.7,76,19.2,262,0.0,912.8
BLR,Bengaluru,Karnataka,2026-08-30T09:00,24.0,68,20.0,265,0.0,913.1
BLR,Bengaluru,Karnataka,2026-08-30T10:00,25.3,60,20.3,268,0.0,913.3
BLR,Bengaluru,Karnataka,2026-08-30T11:00,26.4,56,20.5,272,0.0,913.1
BLR,Bengaluru,Karnataka,2026-08-30T12:00,27.4,54,20.6,275,0.1,912.6
BLR,Bengaluru,Karnataka,2026-08-30T13:00,28.2,53,20.3,278,0.1,911.7
BLR,Bengaluru,Karnataka,2026-08-30T14:00,28.6,54,19.9,280,0.1,911.0
BLR,Bengaluru,Karnataka,2026-08-30T15:00,28.4,53,19.4,281,0.2,910.6
BLR,Bengaluru,Karnataka,2026-08-30T16:00,27.8,53,18.7,281,0.2,910.3
BLR,Bengaluru,Karnataka,2026-08-30T17:00,27.0,55,17.7,280,0.2,910.4
BLR,Bengaluru,Karnataka,2026-08-30T18:00,25.9,59,16.1,276,0.0,910.8
BLR,Bengaluru,Karnataka,2026-08-30T19:00,24.7,65,14.6,271,0.0,911.6
BLR,Bengaluru,Karnataka,2026-08-30T20:00,23.6,72,13.5,265,0.0,912.3
BLR,Bengaluru,Karnataka,2026-08-30T21:00,22.6,77,13.4,263,0.0,912.5
BLR,Bengaluru,Karnataka,2026-08-30T22:00,21.8,82,13.8,263,0.0,912.6
BLR,Bengaluru,Karnataka,2026-08-30T23:00,21.2,86,14.1,263,0.0,912.7
BLR,Bengaluru,Karnataka,2026-08-31T00:00,20.7,88,13.7,265,0.0,912.3
BLR,Bengaluru,Karnataka,2026-08-31T01:00,20.3,90,13.6,265,0.0,911.9
BLR,Bengaluru,Karnataka,2026-08-31T02:00,19.9,93,13.6,264,0.0,911.4
BLR,Bengaluru,Karnataka,2026-08-31T03:00,19.6,94,13.6,263,0.0,910.9
BLR,Bengaluru,Karnataka,2026-08-31T04:00,19.5,95,13.6,264,0.0,910.5
BLR,Bengaluru,Karnataka,2026-08-31T05:00,19.8,93,13.9,266,0.0,910.4
BLR,Bengaluru,Karnataka,2026-08-31T06:00,20.5,87,14.6,269,0.0,910.7
BLR,Bengaluru,Karnataka,2026-08-31T07:00,21.7,80,15.7,273,0.0,911.1
BLR,Bengaluru,Karnataka,2026-08-31T08:00,23.0,73,17.1,278,0.0,911.6
BLR,Bengaluru,Karnataka,2026-08-31T09:00,24.4,66,18.5,281,0.0,912.3
BLR,Bengaluru,Karnataka,2026-08-31T10:00,25.6,61,19.7,284,0.0,912.6
BLR,Bengaluru,Karnataka,2026-08-31T11:00,26.5,57,20.1,286,0.0,912.8
BLR,Bengaluru,Karnataka,2026-08-31T12:00,26.9,56,19.6,288,0.1,912.6
BLR,Bengaluru,Karnataka,2026-08-31T13:00,27.2,55,18.8,289,0.1,912.1
BLR,Bengaluru,Karnataka,2026-08-31T14:00,27.3,56,17.4,290,0.1,911.5
BLR,Bengaluru,Karnataka,2026-08-31T15:00,27.3,57,16.0,291,0.1,910.8
BLR,Bengaluru,Karnataka,2026-08-31T16:00,27.0,59,14.7,292,0.1,910.3
BLR,Bengaluru,Karnataka,2026-08-31T17:00,26.7,60,13.6,292,0.1,910.1
BLR,Bengaluru,Karnataka,2026-08-31T18:00,26.1,63,12.8,292,0.0,910.2
BLR,Bengaluru,Karnataka,2026-08-31T19:00,25.2,66,11.8,290,0.0,910.6
BLR,Bengaluru,Karnataka,2026-08-31T20:00,24.2,70,11.2,288,0.0,911.1
BLR,Bengaluru,Karnataka,2026-08-31T21:00,23.2,75,10.4,285,0.0,911.7
BLR,Bengaluru,Karnataka,2026-08-31T22:00,22.2,79,9.9,282,0.0,912.1
BLR,Bengaluru,Karnataka,2026-08-31T23:00,21.4,83,9.6,279,0.0,912.3
CHE,Chennai,Tamil Nadu,2026-08-25T00:00,25.8,90,10.9,207,0.0,1007.3
CHE,Chennai,Tamil Nadu,2026-08-25T01:00,25.9,89,9.5,207,0.0,1006.7
CHE,Chennai,Tamil Nadu,2026-08-25T02:00,25.9,90,9.5,209,0.0,1006.1
CHE,Chennai,Tamil Nadu,2026-08-25T03:00,25.9,89,9.2,227,0.0,1005.6
CHE,Chennai,Tamil Nadu,2026-08-25T04:00,26.0,88,10.5,209,0.0,1005.8
CHE,Chennai,Tamil Nadu,2026-08-25T05:00,25.8,88,10.8,212,0.0,1006.3
CHE,Chennai,Tamil Nadu,2026-08-25T06:00,26.0,87,10.8,213,0.0,1006.8
CHE,Chennai,Tamil Nadu,2026-08-25T07:00,27.0,86,9.3,223,0.0,1007.6
CHE,Chennai,Tamil Nadu,2026-08-25T08:00,28.5,80,11.1,236,0.0,1008.3
CHE,Chennai,Tamil Nadu,2026-08-25T09:00,29.4,72,14.5,247,0.0,1008.4
CHE,Chennai,Tamil Nadu,2026-08-25T10:00,30.7,67,13.4,241,0.0,1008.1
CHE,Chennai,Tamil Nadu,2026-08-25T11:00,31.6,62,14.0,247,0.0,1007.7
CHE,Chennai,Tamil Nadu,2026-08-25T12:00,31.1,66,11.5,236,0.0,1007.2
CHE,Chennai,Tamil Nadu,2026-08-25T13:00,31.2,65,12.0,215,0.5,1005.8
CHE,Chennai,Tamil Nadu,2026-08-25T14:00,30.4,70,15.4,214,0.6,1004.9
CHE,Chennai,Tamil Nadu,2026-08-25T15:00,29.4,75,13.2,232,0.0,1004.8
CHE,Chennai,Tamil Nadu,2026-08-25T16:00,29.5,76,13.4,227,0.0,1004.3
CHE,Chennai,Tamil Nadu,2026-08-25T17:00,28.9,80,12.6,228,0.1,1004.6
CHE,Chennai,Tamil Nadu,2026-08-25T18:00,28.1,84,12.7,218,0.0,1005.3
CHE,Chennai,Tamil Nadu,2026-08-25T19:00,27.7,85,14.0,215,0.0,1006.2
CHE,Chennai,Tamil Nadu,2026-08-25T20:00,27.5,85,11.5,214,0.0,1007.3
CHE,Chennai,Tamil Nadu,2026-08-25T21:00,27.3,86,9.7,205,0.0,1008.1
CHE,Chennai,Tamil Nadu,2026-08-25T22:00,27.2,87,10.6,215,0.0,1008.3
CHE,Chennai,Tamil Nadu,2026-08-25T23:00,27.2,85,12.4,216,0.0,1007.9
CHE,Chennai,Tamil Nadu,2026-08-26T00:00,27.1,83,13.7,218,0.0,1007.5
CHE,Chennai,Tamil Nadu,2026-08-26T01:00,26.9,83,12.2,221,0.0,1007.0
CHE,Chennai,Tamil Nadu,2026-08-26T02:00,26.6,84,11.8,218,0.0,1006.5
CHE,Chennai,Tamil Nadu,2026-08-26T03:00,26.4,86,12.2,218,0.0,1005.8
CHE,Chennai,Tamil Nadu,2026-08-26T04:00,26.3,87,12.9,226,0.0,1005.9
CHE,Chennai,Tamil Nadu,2026-08-26T05:00,26.3,86,12.0,234,0.0,1006.4
CHE,Chennai,Tamil Nadu,2026-08-26T06:00,26.5,85,10.9,237,0.0,1007.1
CHE,Chennai,Tamil Nadu,2026-08-26T07:00,27.5,82,8.7,232,0.0,1007.9
CHE,Chennai,Tamil Nadu,2026-08-26T08:00,29.0,74,10.1,241,0.0,1008.6
CHE,Chennai,Tamil Nadu,2026-08-26T09:00,30.4,66,11.3,257,0.0,1008.9
CHE,Chennai,Tamil Nadu,2026-08-26T10:00,31.6,61,9.4,258,0.0,1008.7
CHE,Chennai,Tamil Nadu,2026-08-26T11:00,32.6,56,14.5,278,0.0,1008.2
CHE,Chennai,Tamil Nadu,2026-08-26T12:00,33.3,54,13.0,272,0.0,1007.1
CHE,Chennai,Tamil Nadu,2026-08-26T13:00,33.6,54,12.2,262,0.0,1006.0
CHE,Chennai,Tamil Nadu,2026-08-26T14:00,34.0,53,12.1,255,0.0,1004.7
CHE,Chennai,Tamil Nadu,2026-08-26T15:00,33.6,53,9.1,252,0.2,1003.8
CHE,Chennai,Tamil Nadu,2026-08-26T16:00,32.9,58,9.6,186,0.1,1003.1
CHE,Chennai,Tamil Nadu,2026-08-26T17:00,31.0,74,13.9,179,0.0,1003.2
CHE,Chennai,Tamil Nadu,2026-08-26T18:00,29.6,78,15.4,185,0.0,1004.1
CHE,Chennai,Tamil Nadu,2026-08-26T19:00,29.1,80,15.1,198,0.0,1005.6
CHE,Chennai,Tamil Nadu,2026-08-26T20:00,28.9,81,13.1,203,0.0,1006.4
CHE,Chennai,Tamil Nadu,2026-08-26T21:00,28.6,83,10.0,208,0.0,1007.1
CHE,Chennai,Tamil Nadu,2026-08-26T22:00,28.2,85,9.7,222,0.0,1007.3
CHE,Chennai,Tamil Nadu,2026-08-26T23:00,27.8,87,8.6,250,0.1,1007.2
CHE,Chennai,Tamil Nadu,2026-08-27T00:00,27.5,89,8.6,229,0.0,1006.9
CHE,Chennai,Tamil Nadu,2026-08-27T01:00,27.3,90,8.4,235,0.0,1006.3
CHE,Chennai,Tamil Nadu,2026-08-27T02:00,27.1,89,9.3,230,0.0,1005.7
CHE,Chennai,Tamil Nadu,2026-08-27T03:00,26.9,88,9.9,241,0.0,1005.5
CHE,Chennai,Tamil Nadu,2026-08-27T04:00,26.9,84,10.9,254,0.0,1005.6
CHE,Chennai,Tamil Nadu,2026-08-27T05:00,26.8,79,11.8,261,0.0,1006.1
CHE,Chennai,Tamil Nadu,2026-08-27T06:00,26.7,78,11.1,262,0.0,1006.8
CHE,Chennai,Tamil Nadu,2026-08-27T07:00,27.7,75,9.4,263,0.0,1007.6
CHE,Chennai,Tamil Nadu,2026-08-27T08:00,29.2,69,10.9,264,0.0,1008.2
CHE,Chennai,Tamil Nadu,2026-08-27T09:00,30.6,62,13.0,270,0.0,1008.1
CHE,Chennai,Tamil Nadu,2026-08-27T10:00,31.7,59,14.2,273,0.0,1007.9
CHE,Chennai,Tamil Nadu,2026-08-27T11:00,33.2,53,16.1,283,0.0,1007.4
CHE,Chennai,Tamil Nadu,2026-08-27T12:00,34.5,47,14.8,283,0.0,1006.0
CHE,Chennai,Tamil Nadu,2026-08-27T13:00,35.5,44,12.9,277,0.0,1004.5
CHE,Chennai,Tamil Nadu,2026-08-27T14:00,36.0,43,13.7,279,0.0,1003.5
CHE,Chennai,Tamil Nadu,2026-08-27T15:00,35.6,44,9.9,279,0.2,1002.9
CHE,Chennai,Tamil Nadu,2026-08-27T16:00,35.1,45,6.8,215,0.0,1002.6
CHE,Chennai,Tamil Nadu,2026-08-27T17:00,33.8,51,9.5,189,0.0,1002.6
CHE,Chennai,Tamil Nadu,2026-08-27T18:00,31.0,70,15.2,190,0.0,1003.4
CHE,Chennai,Tamil Nadu,2026-08-27T19:00,30.0,75,13.5,190,0.0,1004.7
CHE,Chennai,Tamil Nadu,2026-08-27T20:00,29.8,76,13.0,200,0.0,1005.8
CHE,Chennai,Tamil Nadu,2026-08-27T21:00,29.6,76,12.7,215,0.0,1006.7
CHE,Chennai,Tamil Nadu,2026-08-27T22:00,29.1,78,10.4,236,0.0,1007.4
CHE,Chennai,Tamil Nadu,2026-08-27T23:00,28.4,79,11.1,217,0.0,1006.8
CHE,Chennai,Tamil Nadu,2026-08-28T00:00,28.0,79,6.6,233,0.0,1006.3
CHE,Chennai,Tamil Nadu,2026-08-28T01:00,27.7,78,8.2,256,0.0,1005.8
CHE,Chennai,Tamil Nadu,2026-08-28T02:00,27.3,78,8.9,246,0.0,1005.3
CHE,Chennai,Tamil Nadu,2026-08-28T03:00,27.0,79,9.6,254,0.0,1005.1
CHE,Chennai,Tamil Nadu,2026-08-28T04:00,26.8,80,8.9,249,0.0,1005.1
CHE,Chennai,Tamil Nadu,2026-08-28T05:00,26.5,81,8.3,248,0.0,1005.6
CHE,Chennai,Tamil Nadu,2026-08-28T06:00,26.5,80,8.5,246,0.0,1006.2
CHE,Chennai,Tamil Nadu,2026-08-28T07:00,27.9,73,8.7,249,0.0,1006.9
CHE,Chennai,Tamil Nadu,2026-08-28T08:00,29.8,64,10.9,261,0.0,1007.5
CHE,Chennai,Tamil Nadu,2026-08-28T09:00,31.4,57,11.9,265,0.0,1007.5
CHE,Chennai,Tamil Nadu,2026-08-28T10:00,32.7,54,11.5,259,0.0,1007.0
CHE,Chennai,Tamil Nadu,2026-08-28T11:00,34.0,51,14.9,269,0.0,1006.6
CHE,Chennai,Tamil Nadu,2026-08-28T12:00,35.2,47,13.5,279,0.0,1005.5
CHE,Chennai,Tamil Nadu,2026-08-28T13:00,36.2,43,13.6,277,0.0,1004.2
CHE,Chennai,Tamil Nadu,2026-08-28T14:00,36.8,42,14.1,277,0.0,1003.3
CHE,Chennai,Tamil Nadu,2026-08-28T15:00,37.1,41,12.5,282,0.0,1002.5
CHE,Chennai,Tamil Nadu,2026-08-28T16:00,34.6,47,6.7,34,0.0,1002.9
CHE,Chennai,Tamil Nadu,2026-08-28T17:00,30.4,67,13.6,131,0.7,1003.7
CHE,Chennai,Tamil Nadu,2026-08-28T18:00,29.8,73,13.6,141,0.1,1004.6
CHE,Chennai,Tamil Nadu,2026-08-28T19:00,29.7,78,11.4,167,0.1,1005.7
CHE,Chennai,Tamil Nadu,2026-08-28T20:00,29.6,82,11.7,193,0.1,1006.6
CHE,Chennai,Tamil Nadu,2026-08-28T21:00,28.9,84,12.2,206,0.0,1007.1
CHE,Chennai,Tamil Nadu,2026-08-28T22:00,28.1,86,12.5,216,0.0,1007.2
CHE,Chennai,Tamil Nadu,2026-08-28T23:00,27.5,87,12.5,224,0.0,1007.2
CHE,Chennai,Tamil Nadu,2026-08-29T00:00,27.2,85,11.8,231,0.0,1006.8
CHE,Chennai,Tamil Nadu,2026-08-29T01:00,27.0,83,10.6,238,0.0,1006.1
CHE,Chennai,Tamil Nadu,2026-08-29T02:00,26.9,81,9.8,246,0.0,1005.6
CHE,Chennai,Tamil Nadu,2026-08-29T03:00,26.7,80,9.8,253,0.0,1005.5
CHE,Chennai,Tamil Nadu,2026-08-29T04:00,26.6,79,10.0,257,0.0,1005.6
CHE,Chennai,Tamil Nadu,2026-08-29T05:00,26.8,76,10.0,261,0.0,1005.8
CHE,Chennai,Tamil Nadu,2026-08-29T06:00,27.4,72,10.0,264,0.0,1006.4
CHE,Chennai,Tamil Nadu,2026-08-29T07:00,28.4,68,9.9,266,0.0,1007.1
CHE,Chennai,Tamil Nadu,2026-08-29T08:00,29.6,63,9.9,268,0.0,1007.5
CHE,Chennai,Tamil Nadu,2026-08-29T09:00,31.0,57,10.3,272,0.0,1007.4
CHE,Chennai,Tamil Nadu,2026-08-29T10:00,32.7,52,10.7,276,0.0,1007.0
CHE,Chennai,Tamil Nadu,2026-08-29T11:00,34.2,48,10.9,279,0.0,1006.5
CHE,Chennai,Tamil Nadu,2026-08-29T12:00,35.4,44,10.9,286,0.0,1005.6
CHE,Chennai,Tamil Nadu,2026-08-29T13:00,36.5,40,10.9,294,0.0,1004.5
CHE,Chennai,Tamil Nadu,2026-08-29T14:00,37.1,38,9.6,298,0.0,1003.7
CHE,Chennai,Tamil Nadu,2026-08-29T15:00,37.0,36,5.9,290,0.0,1003.2
CHE,Chennai,Tamil Nadu,2026-08-29T16:00,36.4,35,2.8,220,0.0,1002.9
CHE,Chennai,Tamil Nadu,2026-08-29T17:00,35.4,37,6.0,177,0.0,1003.0
CHE,Chennai,Tamil Nadu,2026-08-29T18:00,33.9,45,9.4,181,0.1,1003.7
CHE,Chennai,Tamil Nadu,2026-08-29T19:00,32.0,59,12.8,189,0.1,1004.8
CHE,Chennai,Tamil Nadu,2026-08-29T20:00,30.5,71,14.8,196,0.1,1005.7
CHE,Chennai,Tamil Nadu,2026-08-29T21:00,29.7,74,14.2,202,0.0,1006.2
CHE,Chennai,Tamil Nadu,2026-08-29T22:00,29.4,71,12.6,213,0.0,1006.5
CHE,Chennai,Tamil Nadu,2026-08-29T23:00,29.1,68,11.8,223,0.0,1006.6
CHE,Chennai,Tamil Nadu,2026-08-30T00:00,28.7,70,12.1,228,0.0,1006.2
CHE,Chennai,Tamil Nadu,2026-08-30T01:00,28.3,72,12.4,230,0.0,1005.5
CHE,Chennai,Tamil Nadu,2026-08-30T02:00,27.9,74,12.5,233,0.0,1005.1
CHE,Chennai,Tamil Nadu,2026-08-30T03:00,27.4,75,11.7,236,0.0,1005.1
CHE,Chennai,Tamil Nadu,2026-08-30T04:00,27.0,75,10.7,241,0.0,1005.3
CHE,Chennai,Tamil Nadu,2026-08-30T05:00,27.0,73,10.2,246,0.0,1005.6
CHE,Chennai,Tamil Nadu,2026-08-30T06:00,27.7,67,10.6,252,0.0,1006.1
CHE,Chennai,Tamil Nadu,2026-08-30T07:00,28.9,61,11.4,257,0.0,1006.7
CHE,Chennai,Tamil Nadu,2026-08-30T08:00,30.2,55,12.2,262,0.0,1007.0
CHE,Chennai,Tamil Nadu,2026-08-30T09:00,31.7,51,12.8,264,0.0,1006.9
CHE,Chennai,Tamil Nadu,2026-08-30T10:00,33.2,47,13.4,266,0.0,1006.6
CHE,Chennai,Tamil Nadu,2026-08-30T11:00,34.6,44,13.1,269,0.0,1006.0
CHE,Chennai,Tamil Nadu,2026-08-30T12:00,35.9,41,12.1,277,0.0,1005.0
CHE,Chennai,Tamil Nadu,2026-08-30T13:00,37.1,37,10.8,288,0.0,1003.8
CHE,Chennai,Tamil Nadu,2026-08-30T14:00,37.4,37,8.1,295,0.0,1002.9
CHE,Chennai,Tamil Nadu,2026-08-30T15:00,36.2,43,2.1,250,0.0,1002.4
CHE,Chennai,Tamil Nadu,2026-08-30T16:00,34.2,53,8.1,145,0.0,1002.3
CHE,Chennai,Tamil Nadu,2026-08-30T17:00,32.5,63,13.3,142,0.0,1002.5
CHE,Chennai,Tamil Nadu,2026-08-30T18:00,31.6,68,11.4,147,0.1,1003.3
CHE,Chennai,Tamil Nadu,2026-08-30T19:00,31.0,70,6.6,169,0.1,1004.6
CHE,Chennai,Tamil Nadu,2026-08-30T20:00,30.4,71,5.2,209,0.1,1005.6
CHE,Chennai,Tamil Nadu,2026-08-30T21:00,29.7,73,6.1,214,0.2,1006.1
CHE,Chennai,Tamil Nadu,2026-08-30T22:00,29.1,74,7.3,205,0.2,1006.4
CHE,Chennai,Tamil Nadu,2026-08-30T23:00,28.6,75,8.4,199,0.2,1006.6
CHE,Chennai,Tamil Nadu,2026-08-31T00:00,26.1,79,14.0,218,0.0,1006.4
CHE,Chennai,Tamil Nadu,2026-08-31T01:00,25.8,80,13.5,222,0.0,1006.2
CHE,Chennai,Tamil Nadu,2026-08-31T02:00,25.6,80,12.6,227,0.0,1005.8
CHE,Chennai,Tamil Nadu,2026-08-31T03:00,25.7,79,11.7,233,0.0,1005.4
CHE,Chennai,Tamil Nadu,2026-08-31T04:00,26.0,77,10.9,239,0.0,1005.0
CHE,Chennai,Tamil Nadu,2026-08-31T05:00,26.5,74,10.6,247,0.0,1004.8
CHE,Chennai,Tamil Nadu,2026-08-31T06:00,27.4,70,10.8,255,0.0,1004.8
CHE,Chennai,Tamil Nadu,2026-08-31T07:00,28.8,64,11.6,264,0.0,1004.9
CHE,Chennai,Tamil Nadu,2026-08-31T08:00,30.4,58,12.6,271,0.0,1005.1
CHE,Chennai,Tamil Nadu,2026-08-31T09:00,32.0,53,13.4,277,0.0,1005.2
CHE,Chennai,Tamil Nadu,2026-08-31T10:00,33.3,49,13.6,281,0.0,1005.3
CHE,Chennai,Tamil Nadu,2026-08-31T11:00,34.2,47,12.7,282,0.0,1005.2
CHE,Chennai,Tamil Nadu,2026-08-31T12:00,34.5,47,10.0,283,0.0,1004.8
CHE,Chennai,Tamil Nadu,2026-08-31T13:00,34.4,49,5.6,277,0.0,1004.1
CHE,Chennai,Tamil Nadu,2026-08-31T14:00,34.1,52,1.0,211,0.0,1003.4
CHE,Chennai,Tamil Nadu,2026-08-31T15:00,33.6,56,5.0,125,0.0,1002.7
CHE,Chennai,Tamil Nadu,2026-08-31T16:00,33.1,59,9.1,120,0.0,1002.2
CHE,Chennai,Tamil Nadu,2026-08-31T17:00,32.6,62,11.4,119,0.0,1002.0
CHE,Chennai,Tamil Nadu,2026-08-31T18:00,32.1,65,11.3,123,0.0,1002.3
CHE,Chennai,Tamil Nadu,2026-08-31T19:00,31.5,69,10.0,131,0.0,1002.8
CHE,Chennai,Tamil Nadu,2026-08-31T20:00,30.9,72,8.0,144,0.0,1003.7
CHE,Chennai,Tamil Nadu,2026-08-31T21:00,30.3,75,6.6,167,0.0,1004.6
CHE,Chennai,Tamil Nadu,2026-08-31T22:00,29.7,78,6.5,194,0.0,1005.3
CHE,Chennai,Tamil Nadu,2026-08-31T23:00,29.2,79,7.2,212,0.0,1005.8
