country,state,city,station,last_update,latitude,longitude,pollutant_id,min_value,max_value,avg_value,source_system,source_agency,source_url,collected_at_utc,quality_flag,regulatory_use,historical_limit
India,Assam,Silchar,"Tarapur, Silchar - PCBA",26-08-2026 23:00:00,24.82827,92.79525,PM10,48,70,54,CPCB real-time AQI via data.gov.in,Central Pollution Control Board,https://www.data.gov.in/catalog/real-time-air-quality-index,2026-08-26T18:21:06.554382+00:00,official-source realtime snapshot; field-instrument values require QA,source-published snapshot only; AirSentinel does not certify or alter it,This endpoint is not a 180-day archive. Repeated scheduled snapshots or an approved historical export are required.
India,Assam,Sivasagar,"Girls College, Sivasagar - PCBA",26-08-2026 23:00:00,26.987634,94.636574,CO,11,23,17,CPCB real-time AQI via data.gov.in,Central Pollution Control Board,https://www.data.gov.in/catalog/real-time-air-quality-index,2026-08-26T18:21:06.554382+00:00,official-source realtime snapshot; field-instrument values require QA,source-published snapshot only; AirSentinel does not certify or alter it,This endpoint is not a 180-day archive. Repeated scheduled snapshots or an approved historical export are required.
India,Bihar,Araria,"Kharahiya Basti, Araria - BSPCB",26-08-2026 23:00:00,26.146529,87.454184,SO2,18,21,20,CPCB real-time AQI via data.gov.in,Central Pollution Control Board,https://www.data.gov.in/catalog/real-time-air-quality-index,2026-08-26T18:21:06.554382+00:00,official-source realtime snapshot; field-instrument values require QA,source-published snapshot only; AirSentinel does not certify or alter it,This endpoint is not a 180-day archive. Repeated scheduled snapshots or an approved historical export are required.
India,Bihar,Araria,"Kharahiya Basti, Araria - BSPCB",26-08-2026 23:00:00,26.146529,87.454184,CO,19,28,24,CPCB real-time AQI via data.gov.in,Central Pollution Control Board,https://www.data.gov.in/catalog/real-time-air-quality-index,2026-08-26T18:21:06.554382+00:00,official-source realtime snapshot; field-instrument values require QA,source-published snapshot only; AirSentinel does not certify or alter it,This endpoint is not a 180-day archive. Repeated scheduled snapshots or an approved historical export are required.
India,Bihar,Arrah,"New DM Office, Arrah - BSPCB",26-08-2026 23:00:00,25.5626095,84.663264,PM10,NA,NA,NA,CPCB real-time AQI via data.gov.in,Central Pollution Control Board,https://www.data.gov.in/catalog/real-time-air-quality-index,2026-08-26T18:21:06.554382+00:00,official-source realtime snapshot; field-instrument values require QA,source-published snapshot only; AirSentinel does not certify or alter it,This endpoint is not a 180-day archive. Repeated scheduled snapshots or an approved historical export are required.
India,Bihar,Arrah,"New DM Office, Arrah - BSPCB",26-08-2026 23:00:00,25.5626095,84.663264,SO2,NA,NA,NA,CPCB real-time AQI via data.gov.in,Central Pollution Control Board,https://www.data.gov.in/catalog/real-time-air-quality-index,2026-08-26T18:21:06.554382+00:00,official-source realtime snapshot; field-instrument values require QA,source-published snapshot only; AirSentinel does not certify or alter it,This endpoint is not a 180-day archive. Repeated scheduled snapshots or an approved historical export are required.
India,Bihar,Aurangabad,"Gurdeo Nagar, Aurangabad - BSPCB",26-08-2026 23:00:00,24.75746,84.366208,PM10,4,105,37,CPCB real-time AQI via data.gov.in,Central Pollution Control Board,https://www.data.gov.in/catalog/real-time-air-quality-index,2026-08-26T18:21:06.554382+00:00,official-source realtime snapshot; field-instrument values require QA,source-published snapshot only; AirSentinel does not certify or alter it,This endpoint is not a 180-day archive. Repeated scheduled snapshots or an approved historical export are required.
India,Bihar,Begusarai,"Lohiyanagar, Begusarai - BSPCB",26-08-2026 23:00:00,25.42742023,86.13886079,SO2,17,20,19,CPCB real-time AQI via data.gov.in,Central Pollution Control Board,https://www.data.gov.in/catalog/real-time-air-quality-index,2026-08-26T18:21:06.554382+00:00,official-source realtime snapshot; field-instrument values require QA,source-published snapshot only; AirSentinel does not certify or alter it,This endpoint is not a 180-day archive. Repeated scheduled snapshots or an approved historical export are required.
India,Bihar,Bhagalpur,"Mayaganj, Bhagalpur - BSPCB",26-08-2026 23:00:00,25.265194,87.012947,PM2.5,13,153,40,CPCB real-time AQI via data.gov.in,Central Pollution Control Board,https://www.data.gov.in/catalog/real-time-air-quality-index,2026-08-26T18:21:06.554382+00:00,official-source realtime snapshot; field-instrument values require QA,source-published snapshot only; AirSentinel does not certify or alter it,This endpoint is not a 180-day archive. Repeated scheduled snapshots or an approved historical export are required.
India,Bihar,Bhagalpur,"DM Office_Kachari Chowk, Bhagalpur - BSPCB",26-08-2026 23:00:00,25.251013,86.989001,NO2,9,13,11,CPCB real-time AQI via data.gov.in,Central Pollution Control Board,https://www.data.gov.in/catalog/real-time-air-quality-index,2026-08-26T18:21:06.554382+00:00,official-source realtime snapshot; field-instrument values require QA,source-published snapshot only; AirSentinel does not certify or alter it,This endpoint is not a 180-day archive. Repeated scheduled snapshots or an approved historical export are required.
India,Andhra Pradesh,Chittoor,"Gangineni Cheruvu, Chittoor - APPCB",26-08-2026 23:00:00,13.20488,79.097889,SO2,NA,NA,NA,CPCB real-time AQI via data.gov.in,Central Pollution Control Board,https://www.data.gov.in/catalog/real-time-air-quality-index,2026-08-26T18:21:06.554382+00:00,official-source realtime snapshot; field-instrument values require QA,source-published snapshot only; AirSentinel does not certify or alter it,This endpoint is not a 180-day archive. Repeated scheduled snapshots or an approved historical export are required.
India,Andhra Pradesh,Guntur,"Rajendra Nagar North, Guntur - APPCB",26-08-2026 23:00:00,16.316553,80.413302,PM2.5,39,62,48,CPCB real-time AQI via data.gov.in,Central Pollution Control Board,https://www.data.gov.in/catalog/real-time-air-quality-index,2026-08-26T18:21:06.554382+00:00,official-source realtime snapshot; field-instrument values require QA,source-published snapshot only; AirSentinel does not certify or alter it,This endpoint is not a 180-day archive. Repeated scheduled snapshots or an approved historical export are required.
India,Andhra Pradesh,Kadapa,"Yerramukkapalli, Kadapa - APPCB",26-08-2026 23:00:00,14.465052,78.824187,CO,16,26,21,CPCB real-time AQI via data.gov.in,Central Pollution Control Board,https://www.data.gov.in/catalog/real-time-air-quality-index,2026-08-26T18:21:06.554382+00:00,official-source realtime snapshot; field-instrument values require QA,source-published snapshot only; AirSentinel does not certify or alter it,This endpoint is not a 180-day archive. Repeated scheduled snapshots or an approved historical export are required.
India,Andhra Pradesh,Machilipatnam,"Srinivas Nagar Colony, Machilipatnam - APPCB",26-08-2026 23:00:00,16.186555,81.13219,PM2.5,49,67,57,CPCB real-time AQI via data.gov.in,Central Pollution Control Board,https://www.data.gov.in/catalog/real-time-air-quality-index,2026-08-26T18:21:06.554382+00:00,official-source realtime snapshot; field-instrument values require QA,source-published snapshot only; AirSentinel does not certify or alter it,This endpoint is not a 180-day archive. Repeated scheduled snapshots or an approved historical export are required.
India,Andhra Pradesh,Nellore,"Ambedkar Nagar, Nellore - APPCB ",26-08-2026 23:00:00,14.438164,79.966814,SO2,10,19,14,CPCB real-time AQI via data.gov.in,Central Pollution Control Board,https://www.data.gov.in/catalog/real-time-air-quality-index,2026-08-26T18:21:06.554382+00:00,official-source realtime snapshot; field-instrument values require QA,source-published snapshot only; AirSentinel does not certify or alter it,This endpoint is not a 180-day archive. Repeated scheduled snapshots or an approved historical export are required.
India,Andhra Pradesh,Rajamahendravaram,"Anand Kala Kshetram, Rajamahendravaram - APPCB",26-08-2026 23:00:00,16.9872867,81.7363176,NO2,4,19,8,CPCB real-time AQI via data.gov.in,Central Pollution Control Board,https://www.data.gov.in/catalog/real-time-air-quality-index,2026-08-26T18:21:06.554382+00:00,official-source realtime snapshot; field-instrument values require QA,source-published snapshot only; AirSentinel does not certify or alter it,This endpoint is not a 180-day archive. Repeated scheduled snapshots or an approved historical export are required.
India,Andhra Pradesh,Srikakulam,"Chinna Bharatham Colony, Srikakulam - APPCB",26-08-2026 23:00:00,18.292191,83.897173,NO2,17,49,31,CPCB real-time AQI via data.gov.in,Central Pollution Control Board,https://www.data.gov.in/catalog/real-time-air-quality-index,2026-08-26T18:21:06.554382+00:00,official-source realtime snapshot; field-instrument values require QA,source-published snapshot only; AirSentinel does not certify or alter it,This endpoint is not a 180-day archive. Repeated scheduled snapshots or an approved historical export are required.
India,Andhra Pradesh,Srikakulam,"Chinna Bharatham Colony, Srikakulam - APPCB",26-08-2026 23:00:00,18.292191,83.897173,SO2,13,21,15,CPCB real-time AQI via data.gov.in,Central Pollution Control Board,https://www.data.gov.in/catalog/real-time-air-quality-index,2026-08-26T18:21:06.554382+00:00,official-source realtime snapshot; field-instrument values require QA,source-published snapshot only; AirSentinel does not certify or alter it,This endpoint is not a 180-day archive. Repeated scheduled snapshots or an approved historical export are required.
India,Andhra Pradesh,Tirumala,"Toll Gate, Tirumala - APPCB",26-08-2026 23:00:00,13.67,79.35,NO2,19,60,41,CPCB real-time AQI via data.gov.in,Central Pollution Control Board,https://www.data.gov.in/catalog/real-time-air-quality-index,2026-08-26T18:21:06.554382+00:00,official-source realtime snapshot; field-instrument values require QA,source-published snapshot only; AirSentinel does not certify or alter it,This endpoint is not a 180-day archive. Repeated scheduled snapshots or an approved historical export are required.
India,Andhra Pradesh,Tirupati,"Vaikuntapuram, Tirupati - APPCB",26-08-2026 23:00:00,13.615387,79.40923,NO2,24,35,27,CPCB real-time AQI via data.gov.in,Central Pollution Control Board,https://www.data.gov.in/catalog/real-time-air-quality-index,2026-08-26T18:21:06.554382+00:00,official-source realtime snapshot; field-instrument values require QA,source-published snapshot only; AirSentinel does not certify or alter it,This endpoint is not a 180-day archive. Repeated scheduled snapshots or an approved historical export are required.
India,Andhra Pradesh,Tirupati,"Vaikuntapuram, Tirupati - APPCB",26-08-2026 23:00:00,13.615387,79.40923,SO2,12,23,18,CPCB real-time AQI via data.gov.in,Central Pollution Control Board,https://www.data.gov.in/catalog/real-time-air-quality-index,2026-08-26T18:21:06.554382+00:00,official-source realtime snapshot; field-instrument values require QA,source-published snapshot only; AirSentinel does not certify or alter it,This endpoint is not a 180-day archive. Repeated scheduled snapshots or an approved historical export are required.
India,Andhra Pradesh,Vijayawada,"HB Colony, Vijayawada - APPCB",26-08-2026 23:00:00,16.536107,80.594233,PM10,48,63,56,CPCB real-time AQI via data.gov.in,Central Pollution Control Board,https://www.data.gov.in/catalog/real-time-air-quality-index,2026-08-26T18:21:06.554382+00:00,official-source realtime snapshot; field-instrument values require QA,source-published snapshot only; AirSentinel does not certify or alter it,This endpoint is not a 180-day archive. Repeated scheduled snapshots or an approved historical export are required.
India,Andhra Pradesh,Vijayawada,"HB Colony, Vijayawada - APPCB",26-08-2026 23:00:00,16.536107,80.594233,NO2,15,28,19,CPCB real-time AQI via data.gov.in,Central Pollution Control Board,https://www.data.gov.in/catalog/real-time-air-quality-index,2026-08-26T18:21:06.554382+00:00,official-source realtime snapshot; field-instrument values require QA,source-published snapshot only; AirSentinel does not certify or alter it,This endpoint is not a 180-day archive. Repeated scheduled snapshots or an approved historical export are required.
India,Andhra Pradesh,Vijayawada,"HB Colony, Vijayawada - APPCB",26-08-2026 23:00:00,16.536107,80.594233,CO,28,32,29,CPCB real-time AQI via data.gov.in,Central Pollution Control Board,https://www.data.gov.in/catalog/real-time-air-quality-index,2026-08-26T18:21:06.554382+00:00,official-source realtime snapshot; field-instrument values require QA,source-published snapshot only; AirSentinel does not certify or alter it,This endpoint is not a 180-day archive. Repeated scheduled snapshots or an approved historical export are required.
India,Andhra Pradesh,Vijayawada,"Rajiv Gandhi Park, Vijayawada - APPCB",26-08-2026 23:00:00,16.509717,80.612222,CO,25,32,29,CPCB real-time AQI via data.gov.in,Central Pollution Control Board,https://www.data.gov.in/catalog/real-time-air-quality-index,2026-08-26T18:21:06.554382+00:00,official-source realtime snapshot; field-instrument values require QA,source-published snapshot only; AirSentinel does not certify or alter it,This endpoint is not a 180-day archive. Repeated scheduled snapshots or an approved historical export are required.
India,Andhra Pradesh,Visakhapatnam,"GVM Corporation, Visakhapatnam - APPCB",26-08-2026 23:00:00,17.72,83.3,NO2,31,117,65,CPCB real-time AQI via data.gov.in,Central Pollution Control Board,https://www.data.gov.in/catalog/real-time-air-quality-index,2026-08-26T18:21:06.554382+00:00,official-source realtime snapshot; field-instrument values require QA,source-published snapshot only; AirSentinel does not certify or alter it,This endpoint is not a 180-day archive. Repeated scheduled snapshots or an approved historical export are required.
India,Andhra Pradesh,Visakhapatnam,"GVM Corporation, Visakhapatnam - APPCB",26-08-2026 23:00:00,17.72,83.3,SO2,4,45,12,CPCB real-time AQI via data.gov.in,Central Pollution Control Board,https://www.data.gov.in/catalog/real-time-air-quality-index,2026-08-26T18:21:06.554382+00:00,official-source realtime snapshot; field-instrument values require QA,source-published snapshot only; AirSentinel does not certify or alter it,This endpoint is not a 180-day archive. Repeated scheduled snapshots or an approved historical export are required.
India,Bihar,Bhagalpur,"DM Office_Kachari Chowk, Bhagalpur - BSPCB",26-08-2026 23:00:00,25.251013,86.989001,SO2,13,33,24,CPCB real-time AQI via data.gov.in,Central Pollution Control Board,https://www.data.gov.in/catalog/real-time-air-quality-index,2026-08-26T18:21:06.554382+00:00,official-source realtime snapshot; field-instrument values require QA,source-published snapshot only; AirSentinel does not certify or alter it,This endpoint is not a 180-day archive. Repeated scheduled snapshots or an approved historical export are required.
India,Bihar,Chhapra,"Darshan Nagar, Chhapra - BSPCB",26-08-2026 23:00:00,25.7808257,84.7446768,PM10,110,115,112,CPCB real-time AQI via data.gov.in,Central Pollution Control Board,https://www.data.gov.in/catalog/real-time-air-quality-index,2026-08-26T18:21:06.554382+00:00,official-source realtime snapshot; field-instrument values require QA,source-published snapshot only; AirSentinel does not certify or alter it,This endpoint is not a 180-day archive. Repeated scheduled snapshots or an approved historical export are required.
India,Bihar,Chhapra,"Darshan Nagar, Chhapra - BSPCB",26-08-2026 23:00:00,25.7808257,84.7446768,NO2,0,1,1,CPCB real-time AQI via data.gov.in,Central Pollution Control Board,https://www.data.gov.in/catalog/real-time-air-quality-index,2026-08-26T18:21:06.554382+00:00,official-source realtime snapshot; field-instrument values require QA,source-published snapshot only; AirSentinel does not certify or alter it,This endpoint is not a 180-day archive. Repeated scheduled snapshots or an approved historical export are required.
India,Bihar,Gaya,"SFTI Kusdihra, Gaya - BSPCB",26-08-2026 23:00:00,24.762518,84.982348,PM10,21,41,31,CPCB real-time AQI via data.gov.in,Central Pollution Control Board,https://www.data.gov.in/catalog/real-time-air-quality-index,2026-08-26T18:21:06.554382+00:00,official-source realtime snapshot; field-instrument values require QA,source-published snapshot only; AirSentinel does not certify or alter it,This endpoint is not a 180-day archive. Repeated scheduled snapshots or an approved historical export are required.
India,Bihar,Hajipur,"Industrial Area, Hajipur - BSPCB",26-08-2026 23:00:00,25.697189,85.2459,PM2.5,20,50,33,CPCB real-time AQI via data.gov.in,Central Pollution Control Board,https://www.data.gov.in/catalog/real-time-air-quality-index,2026-08-26T18:21:06.554382+00:00,official-source realtime snapshot; field-instrument values require QA,source-published snapshot only; AirSentinel does not certify or alter it,This endpoint is not a 180-day archive. Repeated scheduled snapshots or an approved historical export are required.
India,Bihar,Katihar,"Mirchaibari, Katihar - BSPCB",26-08-2026 23:00:00,25.560083,87.553265,PM10,22,35,28,CPCB real-time AQI via data.gov.in,Central Pollution Control Board,https://www.data.gov.in/catalog/real-time-air-quality-index,2026-08-26T18:21:06.554382+00:00,official-source realtime snapshot; field-instrument values require QA,source-published snapshot only; AirSentinel does not certify or alter it,This endpoint is not a 180-day archive. Repeated scheduled snapshots or an approved historical export are required.
India,Bihar,Katihar,"Mirchaibari, Katihar - BSPCB",26-08-2026 23:00:00,25.560083,87.553265,CO,78,100,91,CPCB real-time AQI via data.gov.in,Central Pollution Control Board,https://www.data.gov.in/catalog/real-time-air-quality-index,2026-08-26T18:21:06.554382+00:00,official-source realtime snapshot; field-instrument values require QA,source-published snapshot only; AirSentinel does not certify or alter it,This endpoint is not a 180-day archive. Repeated scheduled snapshots or an approved historical export are required.
India,Bihar,Kishanganj,"SDM Office_Khagra, Kishanganj - BSPCB",26-08-2026 23:00:00,26.0881305,87.93840336,SO2,7,10,9,CPCB real-time AQI via data.gov.in,Central Pollution Control Board,https://www.data.gov.in/catalog/real-time-air-quality-index,2026-08-26T18:21:06.554382+00:00,official-source realtime snapshot; field-instrument values require QA,source-published snapshot only; AirSentinel does not certify or alter it,This endpoint is not a 180-day archive. Repeated scheduled snapshots or an approved historical export are required.
India,Bihar,Manguraha,"Forest Rest House, Manguraha - BSPCB",26-08-2026 23:00:00,27.308328,84.531742,PM10,48,176,85,CPCB real-time AQI via data.gov.in,Central Pollution Control Board,https://www.data.gov.in/catalog/real-time-air-quality-index,2026-08-26T18:21:06.554382+00:00,official-source realtime snapshot; field-instrument values require QA,source-published snapshot only; AirSentinel does not certify or alter it,This endpoint is not a 180-day archive. Repeated scheduled snapshots or an approved historical export are required.
India,Assam,Byrnihat,"Central Academy for SFS, Byrnihat - PCBA",26-08-2026 23:00:00,26.071318,91.87488,CO,57,69,62,CPCB real-time AQI via data.gov.in,Central Pollution Control Board,https://www.data.gov.in/catalog/real-time-air-quality-index,2026-08-26T18:21:06.554382+00:00,official-source realtime snapshot; field-instrument values require QA,source-published snapshot only; AirSentinel does not certify or alter it,This endpoint is not a 180-day archive. Repeated scheduled snapshots or an approved historical export are required.
India,Assam,Guwahati,"IITG, Guwahati - PCBA",26-08-2026 23:00:00,26.2028636,91.70046436,NO2,1,4,2,CPCB real-time AQI via data.gov.in,Central Pollution Control Board,https://www.data.gov.in/catalog/real-time-air-quality-index,2026-08-26T18:21:06.554382+00:00,official-source realtime snapshot; field-instrument values require QA,source-published snapshot only; AirSentinel does not certify or alter it,This endpoint is not a 180-day archive. Repeated scheduled snapshots or an approved historical export are required.
India,Assam,Guwahati,"IITG, Guwahati - PCBA",26-08-2026 23:00:00,26.2028636,91.70046436,SO2,32,33,33,CPCB real-time AQI via data.gov.in,Central Pollution Control Board,https://www.data.gov.in/catalog/real-time-air-quality-index,2026-08-26T18:21:06.554382+00:00,official-source realtime snapshot; field-instrument values require QA,source-published snapshot only; AirSentinel does not certify or alter it,This endpoint is not a 180-day archive. Repeated scheduled snapshots or an approved historical export are required.
India,Assam,Guwahati,"IITG, Guwahati - PCBA",26-08-2026 23:00:00,26.2028636,91.70046436,CO,73,80,76,CPCB real-time AQI via data.gov.in,Central Pollution Control Board,https://www.data.gov.in/catalog/real-time-air-quality-index,2026-08-26T18:21:06.554382+00:00,official-source realtime snapshot; field-instrument values require QA,source-published snapshot only; AirSentinel does not certify or alter it,This endpoint is not a 180-day archive. Repeated scheduled snapshots or an approved historical export are required.
India,Assam,Guwahati,"LGBI Airport, Guwahati - PCBA",26-08-2026 23:00:00,26.10887,91.589544,NO2,10,58,16,CPCB real-time AQI via data.gov.in,Central Pollution Control Board,https://www.data.gov.in/catalog/real-time-air-quality-index,2026-08-26T18:21:06.554382+00:00,official-source realtime snapshot; field-instrument values require QA,source-published snapshot only; AirSentinel does not certify or alter it,This endpoint is not a 180-day archive. Repeated scheduled snapshots or an approved historical export are required.
India,Assam,Guwahati,"LGBI Airport, Guwahati - PCBA",26-08-2026 23:00:00,26.10887,91.589544,CO,6,39,26,CPCB real-time AQI via data.gov.in,Central Pollution Control Board,https://www.data.gov.in/catalog/real-time-air-quality-index,2026-08-26T18:21:06.554382+00:00,official-source realtime snapshot; field-instrument values require QA,source-published snapshot only; AirSentinel does not certify or alter it,This endpoint is not a 180-day archive. Repeated scheduled snapshots or an approved historical export are required.
India,Assam,Guwahati,"Railway Colony, Guwahati - PCBA",26-08-2026 23:00:00,26.181742,91.78063,PM2.5,23,63,38,CPCB real-time AQI via data.gov.in,Central Pollution Control Board,https://www.data.gov.in/catalog/real-time-air-quality-index,2026-08-26T18:21:06.554382+00:00,official-source realtime snapshot; field-instrument values require QA,source-published snapshot only; AirSentinel does not certify or alter it,This endpoint is not a 180-day archive. Repeated scheduled snapshots or an approved historical export are required.
India,Assam,Nalbari,"Bata Chowk, Nalbari - PCBA",26-08-2026 23:00:00,26.446912,91.439057,PM10,16,46,23,CPCB real-time AQI via data.gov.in,Central Pollution Control Board,https://www.data.gov.in/catalog/real-time-air-quality-index,2026-08-26T18:21:06.554382+00:00,official-source realtime snapshot; field-instrument values require QA,source-published snapshot only; AirSentinel does not certify or alter it,This endpoint is not a 180-day archive. Repeated scheduled snapshots or an approved historical export are required.
India,Assam,Nalbari,"Bata Chowk, Nalbari - PCBA",26-08-2026 23:00:00,26.446912,91.439057,SO2,8,8,8,CPCB real-time AQI via data.gov.in,Central Pollution Control Board,https://www.data.gov.in/catalog/real-time-air-quality-index,2026-08-26T18:21:06.554382+00:00,official-source realtime snapshot; field-instrument values require QA,source-published snapshot only; AirSentinel does not certify or alter it,This endpoint is not a 180-day archive. Repeated scheduled snapshots or an approved historical export are required.
India,Chandigarh,Chandigarh,"Sector-53, Chandigarh - CPCC",26-08-2026 23:00:00,30.719859,76.738637,PM2.5,3,38,19,CPCB real-time AQI via data.gov.in,Central Pollution Control Board,https://www.data.gov.in/catalog/real-time-air-quality-index,2026-08-26T18:21:06.554382+00:00,official-source realtime snapshot; field-instrument values require QA,source-published snapshot only; AirSentinel does not certify or alter it,This endpoint is not a 180-day archive. Repeated scheduled snapshots or an approved historical export are required.
India,Chandigarh,Chandigarh,"Sector-53, Chandigarh - CPCC",26-08-2026 23:00:00,30.719859,76.738637,PM10,14,50,29,CPCB real-time AQI via data.gov.in,Central Pollution Control Board,https://www.data.gov.in/catalog/real-time-air-quality-index,2026-08-26T18:21:06.554382+00:00,official-source realtime snapshot; field-instrument values require QA,source-published snapshot only; AirSentinel does not certify or alter it,This endpoint is not a 180-day archive. Repeated scheduled snapshots or an approved historical export are required.
India,Chandigarh,Chandigarh,"Sector-53, Chandigarh - CPCC",26-08-2026 23:00:00,30.719859,76.738637,SO2,1,5,3,CPCB real-time AQI via data.gov.in,Central Pollution Control Board,https://www.data.gov.in/catalog/real-time-air-quality-index,2026-08-26T18:21:06.554382+00:00,official-source realtime snapshot; field-instrument values require QA,source-published snapshot only; AirSentinel does not certify or alter it,This endpoint is not a 180-day archive. Repeated scheduled snapshots or an approved historical export are required.
India,Chhattisgarh,Bhilai,"Civic Center, Bhilai - Bhilai Steel Plant",26-08-2026 23:00:00,21.185571,81.343175,CO,20,28,25,CPCB real-time AQI via data.gov.in,Central Pollution Control Board,https://www.data.gov.in/catalog/real-time-air-quality-index,2026-08-26T18:21:06.554382+00:00,official-source realtime snapshot; field-instrument values require QA,source-published snapshot only; AirSentinel does not certify or alter it,This endpoint is not a 180-day archive. Repeated scheduled snapshots or an approved historical export are required.
India,Chhattisgarh,Bhilai,"Hathkhoj, Bhilai - CECB",26-08-2026 23:00:00,21.224231,81.40835,PM2.5,20,37,28,CPCB real-time AQI via data.gov.in,Central Pollution Control Board,https://www.data.gov.in/catalog/real-time-air-quality-index,2026-08-26T18:21:06.554382+00:00,official-source realtime snapshot; field-instrument values require QA,source-published snapshot only; AirSentinel does not certify or alter it,This endpoint is not a 180-day archive. Repeated scheduled snapshots or an approved historical export are required.
India,Chhattisgarh,Chhal,"Nawapara SECL Colony, Chhal - CECB",26-08-2026 23:00:00,22.118125,83.140608,SO2,4,9,7,CPCB real-time AQI via data.gov.in,Central Pollution Control Board,https://www.data.gov.in/catalog/real-time-air-quality-index,2026-08-26T18:21:06.554382+00:00,official-source realtime snapshot; field-instrument values require QA,source-published snapshot only; AirSentinel does not certify or alter it,This endpoint is not a 180-day archive. Repeated scheduled snapshots or an approved historical export are required.
India,Chhattisgarh,Korba,"Rampur, Korba - CECB",26-08-2026 23:00:00,22.368195,82.746431,PM10,8,28,17,CPCB real-time AQI via data.gov.in,Central Pollution Control Board,https://www.data.gov.in/catalog/real-time-air-quality-index,2026-08-26T18:21:06.554382+00:00,official-source realtime snapshot; field-instrument values require QA,source-published snapshot only; AirSentinel does not certify or alter it,This endpoint is not a 180-day archive. Repeated scheduled snapshots or an approved historical export are required.
India,Chhattisgarh,Korba,"Rampur, Korba - CECB",26-08-2026 23:00:00,22.368195,82.746431,NO2,5,20,9,CPCB real-time AQI via data.gov.in,Central Pollution Control Board,https://www.data.gov.in/catalog/real-time-air-quality-index,2026-08-26T18:21:06.554382+00:00,official-source realtime snapshot; field-instrument values require QA,source-published snapshot only; AirSentinel does not certify or alter it,This endpoint is not a 180-day archive. Repeated scheduled snapshots or an approved historical export are required.
India,Chhattisgarh,Korba,"Rampur, Korba - CECB",26-08-2026 23:00:00,22.368195,82.746431,CO,9,34,19,CPCB real-time AQI via data.gov.in,Central Pollution Control Board,https://www.data.gov.in/catalog/real-time-air-quality-index,2026-08-26T18:21:06.554382+00:00,official-source realtime snapshot; field-instrument values require QA,source-published snapshot only; AirSentinel does not certify or alter it,This endpoint is not a 180-day archive. Repeated scheduled snapshots or an approved historical export are required.
India,Chhattisgarh,Raipur,"Bhatagaon New ISBT, Raipur - CECB",26-08-2026 23:00:00,21.219665,81.630094,SO2,2,3,3,CPCB real-time AQI via data.gov.in,Central Pollution Control Board,https://www.data.gov.in/catalog/real-time-air-quality-index,2026-08-26T18:21:06.554382+00:00,official-source realtime snapshot; field-instrument values require QA,source-published snapshot only; AirSentinel does not certify or alter it,This endpoint is not a 180-day archive. Repeated scheduled snapshots or an approved historical export are required.
India,Delhi,Delhi,"Narela, Delhi - DPCC",26-08-2026 23:00:00,28.822836,77.101981,PM2.5,18,127,59,CPCB real-time AQI via data.gov.in,Central Pollution Control Board,https://www.data.gov.in/catalog/real-time-air-quality-index,2026-08-26T18:21:06.554382+00:00,official-source realtime snapshot; field-instrument values require QA,source-published snapshot only; AirSentinel does not certify or alter it,This endpoint is not a 180-day archive. Repeated scheduled snapshots or an approved historical export are required.
India,Delhi,Delhi,"Narela, Delhi - DPCC",26-08-2026 23:00:00,28.822836,77.101981,CO,58,88,68,CPCB real-time AQI via data.gov.in,Central Pollution Control Board,https://www.data.gov.in/catalog/real-time-air-quality-index,2026-08-26T18:21:06.554382+00:00,official-source realtime snapshot; field-instrument values require QA,source-published snapshot only; AirSentinel does not certify or alter it,This endpoint is not a 180-day archive. Repeated scheduled snapshots or an approved historical export are required.
India,Delhi,Delhi,"Cantonment Area, Delhi - DPCC",26-08-2026 23:00:00,28.594169,77.1251,PM2.5,15,67,31,CPCB real-time AQI via data.gov.in,Central Pollution Control Board,https://www.data.gov.in/catalog/real-time-air-quality-index,2026-08-26T18:21:06.554382+00:00,official-source realtime snapshot; field-instrument values require QA,source-published snapshot only; AirSentinel does not certify or alter it,This endpoint is not a 180-day archive. Repeated scheduled snapshots or an approved historical export are required.
India,Delhi,Delhi,"Cantonment Area, Delhi - DPCC",26-08-2026 23:00:00,28.594169,77.1251,CO,NA,NA,NA,CPCB real-time AQI via data.gov.in,Central Pollution Control Board,https://www.data.gov.in/catalog/real-time-air-quality-index,2026-08-26T18:21:06.554382+00:00,official-source realtime snapshot; field-instrument values require QA,source-published snapshot only; AirSentinel does not certify or alter it,This endpoint is not a 180-day archive. Repeated scheduled snapshots or an approved historical export are required.
India,Delhi,Delhi,"Major Dhyan Chand National Stadium, Delhi - DPCC",26-08-2026 23:00:00,28.611281,77.237738,SO2,19,21,20,CPCB real-time AQI via data.gov.in,Central Pollution Control Board,https://www.data.gov.in/catalog/real-time-air-quality-index,2026-08-26T18:21:06.554382+00:00,official-source realtime snapshot; field-instrument values require QA,source-published snapshot only; AirSentinel does not certify or alter it,This endpoint is not a 180-day archive. Repeated scheduled snapshots or an approved historical export are required.
India,Bihar,Patna,"Muradpur, Patna - BSPCB",26-08-2026 23:00:00,25.619651,85.147382,SO2,7,9,8,CPCB real-time AQI via data.gov.in,Central Pollution Control Board,https://www.data.gov.in/catalog/real-time-air-quality-index,2026-08-26T18:21:06.554382+00:00,official-source realtime snapshot; field-instrument values require QA,source-published snapshot only; AirSentinel does not certify or alter it,This endpoint is not a 180-day archive. Repeated scheduled snapshots or an approved historical export are required.
India,Bihar,Patna,"Samanpura, Patna - BSPCB",26-08-2026 23:00:00,25.596727,85.085624,SO2,3,4,3,CPCB real-time AQI via data.gov.in,Central Pollution Control Board,https://www.data.gov.in/catalog/real-time-air-quality-index,2026-08-26T18:21:06.554382+00:00,official-source realtime snapshot; field-instrument values require QA,source-published snapshot only; AirSentinel does not certify or alter it,This endpoint is not a 180-day archive. Repeated scheduled snapshots or an approved historical export are required.
India,Bihar,Saharsa,"Police Line, Saharsa - BSPCB",26-08-2026 23:00:00,25.892357,86.590325,PM10,38,200,66,CPCB real-time AQI via data.gov.in,Central Pollution Control Board,https://www.data.gov.in/catalog/real-time-air-quality-index,2026-08-26T18:21:06.554382+00:00,official-source realtime snapshot; field-instrument values require QA,source-published snapshot only; AirSentinel does not certify or alter it,This endpoint is not a 180-day archive. Repeated scheduled snapshots or an approved historical export are required.
India,Bihar,Siwan,"Chitragupta Nagar, Siwan - BSPCB",26-08-2026 23:00:00,26.2271665,84.3570427,PM10,82,107,103,CPCB real-time AQI via data.gov.in,Central Pollution Control Board,https://www.data.gov.in/catalog/real-time-air-quality-index,2026-08-26T18:21:06.554382+00:00,official-source realtime snapshot; field-instrument values require QA,source-published snapshot only; AirSentinel does not certify or alter it,This endpoint is not a 180-day archive. Repeated scheduled snapshots or an approved historical export are required.
India,Bihar,Siwan,"Chitragupta Nagar, Siwan - BSPCB",26-08-2026 23:00:00,26.2271665,84.3570427,SO2,6,11,8,CPCB real-time AQI via data.gov.in,Central Pollution Control Board,https://www.data.gov.in/catalog/real-time-air-quality-index,2026-08-26T18:21:06.554382+00:00,official-source realtime snapshot; field-instrument values require QA,source-published snapshot only; AirSentinel does not certify or alter it,This endpoint is not a 180-day archive. Repeated scheduled snapshots or an approved historical export are required.
India,Bihar,Siwan,"Chitragupta Nagar, Siwan - BSPCB",26-08-2026 23:00:00,26.2271665,84.3570427,CO,101,112,110,CPCB real-time AQI via data.gov.in,Central Pollution Control Board,https://www.data.gov.in/catalog/real-time-air-quality-index,2026-08-26T18:21:06.554382+00:00,official-source realtime snapshot; field-instrument values require QA,source-published snapshot only; AirSentinel does not certify or alter it,This endpoint is not a 180-day archive. Repeated scheduled snapshots or an approved historical export are required.
India,Chandigarh,Chandigarh,"Sector 22, Chandigarh - CPCC",26-08-2026 23:00:00,30.735567,76.775714,NO2,1,7,4,CPCB real-time AQI via data.gov.in,Central Pollution Control Board,https://www.data.gov.in/catalog/real-time-air-quality-index,2026-08-26T18:21:06.554382+00:00,official-source realtime snapshot; field-instrument values require QA,source-published snapshot only; AirSentinel does not certify or alter it,This endpoint is not a 180-day archive. Repeated scheduled snapshots or an approved historical export are required.
India,Chandigarh,Chandigarh,"Sector-25, Chandigarh - CPCC",26-08-2026 23:00:00,30.751462,76.762879,PM2.5,16,61,30,CPCB real-time AQI via data.gov.in,Central Pollution Control Board,https://www.data.gov.in/catalog/real-time-air-quality-index,2026-08-26T18:21:06.554382+00:00,official-source realtime snapshot; field-instrument values require QA,source-published snapshot only; AirSentinel does not certify or alter it,This endpoint is not a 180-day archive. Repeated scheduled snapshots or an approved historical export are required.
India,Chandigarh,Chandigarh,"Sector-25, Chandigarh - CPCC",26-08-2026 23:00:00,30.751462,76.762879,NO2,4,29,11,CPCB real-time AQI via data.gov.in,Central Pollution Control Board,https://www.data.gov.in/catalog/real-time-air-quality-index,2026-08-26T18:21:06.554382+00:00,official-source realtime snapshot; field-instrument values require QA,source-published snapshot only; AirSentinel does not certify or alter it,This endpoint is not a 180-day archive. Repeated scheduled snapshots or an approved historical export are required.
India,Bihar,Muzaffarpur,"MIT-Daudpur Kothi, Muzaffarpur - BSPCB",26-08-2026 23:00:00,26.1403345,85.3650192,SO2,13,21,17,CPCB real-time AQI via data.gov.in,Central Pollution Control Board,https://www.data.gov.in/catalog/real-time-air-quality-index,2026-08-26T18:21:06.554382+00:00,official-source realtime snapshot; field-instrument values require QA,source-published snapshot only; AirSentinel does not certify or alter it,This endpoint is not a 180-day archive. Repeated scheduled snapshots or an approved historical export are required.
India,Bihar,Patna,"Rajbansi Nagar, Patna - BSPCB",26-08-2026 23:00:00,25.599486,85.113666,SO2,1,13,7,CPCB real-time AQI via data.gov.in,Central Pollution Control Board,https://www.data.gov.in/catalog/real-time-air-quality-index,2026-08-26T18:21:06.554382+00:00,official-source realtime snapshot; field-instrument values require QA,source-published snapshot only; AirSentinel does not certify or alter it,This endpoint is not a 180-day archive. Repeated scheduled snapshots or an approved historical export are required.
India,Bihar,Patna,"Govt. High School Shikarpur, Patna - BSPCB",26-08-2026 23:00:00,25.592539,85.227158,PM2.5,29,35,31,CPCB real-time AQI via data.gov.in,Central Pollution Control Board,https://www.data.gov.in/catalog/real-time-air-quality-index,2026-08-26T18:21:06.554382+00:00,official-source realtime snapshot; field-instrument values require QA,source-published snapshot only; AirSentinel does not certify or alter it,This endpoint is not a 180-day archive. Repeated scheduled snapshots or an approved historical export are required.
India,Bihar,Patna,"Govt. High School Shikarpur, Patna - BSPCB",26-08-2026 23:00:00,25.592539,85.227158,PM10,26,66,47,CPCB real-time AQI via data.gov.in,Central Pollution Control Board,https://www.data.gov.in/catalog/real-time-air-quality-index,2026-08-26T18:21:06.554382+00:00,official-source realtime snapshot; field-instrument values require QA,source-published snapshot only; AirSentinel does not certify or alter it,This endpoint is not a 180-day archive. Repeated scheduled snapshots or an approved historical export are required.
India,Bihar,Patna,"Muradpur, Patna - BSPCB",26-08-2026 23:00:00,25.619651,85.147382,PM10,47,55,51,CPCB real-time AQI via data.gov.in,Central Pollution Control Board,https://www.data.gov.in/catalog/real-time-air-quality-index,2026-08-26T18:21:06.554382+00:00,official-source realtime snapshot; field-instrument values require QA,source-published snapshot only; AirSentinel does not certify or alter it,This endpoint is not a 180-day archive. Repeated scheduled snapshots or an approved historical export are required.
India,Andhra Pradesh,Amaravati,"Secretariat, Amaravati - APPCB",26-08-2026 23:00:00,16.5150833,80.5181667,CO,12,22,16,CPCB real-time AQI via data.gov.in,Central Pollution Control Board,https://www.data.gov.in/catalog/real-time-air-quality-index,2026-08-26T18:21:06.554382+00:00,official-source realtime snapshot; field-instrument values require QA,source-published snapshot only; AirSentinel does not certify or alter it,This endpoint is not a 180-day archive. Repeated scheduled snapshots or an approved historical export are required.
India,Andhra Pradesh,Chittoor,"Gangineni Cheruvu, Chittoor - APPCB",26-08-2026 23:00:00,13.20488,79.097889,NO2,NA,NA,NA,CPCB real-time AQI via data.gov.in,Central Pollution Control Board,https://www.data.gov.in/catalog/real-time-air-quality-index,2026-08-26T18:21:06.554382+00:00,official-source realtime snapshot; field-instrument values require QA,source-published snapshot only; AirSentinel does not certify or alter it,This endpoint is not a 180-day archive. Repeated scheduled snapshots or an approved historical export are required.
India,Gujarat,Bhavnagar,"Vidhyanagar, Bhavnagar - Nexteng Enviro",26-08-2026 23:00:00,21.755417,72.139056,PM2.5,30,56,42,CPCB real-time AQI via data.gov.in,Central Pollution Control Board,https://www.data.gov.in/catalog/real-time-air-quality-index,2026-08-26T18:21:06.554382+00:00,official-source realtime snapshot; field-instrument values require QA,source-published snapshot only; AirSentinel does not certify or alter it,This endpoint is not a 180-day archive. Repeated scheduled snapshots or an approved historical export are required.
India,Gujarat,Gandhinagar,"Sector-10, Gandhinagar - GPCB",26-08-2026 23:00:00,23.221714,72.654328,SO2,3,6,5,CPCB real-time AQI via data.gov.in,Central Pollution Control Board,https://www.data.gov.in/catalog/real-time-air-quality-index,2026-08-26T18:21:06.554382+00:00,official-source realtime snapshot; field-instrument values require QA,source-published snapshot only; AirSentinel does not certify or alter it,This endpoint is not a 180-day archive. Repeated scheduled snapshots or an approved historical export are required.
India,Gujarat,Gandhinagar,"IIPHG Lekawada, Gandhinagar - IITM",26-08-2026 23:00:00,23.243639,72.68994,PM10,97,153,128,CPCB real-time AQI via data.gov.in,Central Pollution Control Board,https://www.data.gov.in/catalog/real-time-air-quality-index,2026-08-26T18:21:06.554382+00:00,official-source realtime snapshot; field-instrument values require QA,source-published snapshot only; AirSentinel does not certify or alter it,This endpoint is not a 180-day archive. Repeated scheduled snapshots or an approved historical export are required.
India,Gujarat,Gandhinagar,"IIPHG Lekawada, Gandhinagar - IITM",26-08-2026 23:00:00,23.243639,72.68994,CO,14,20,17,CPCB real-time AQI via data.gov.in,Central Pollution Control Board,https://www.data.gov.in/catalog/real-time-air-quality-index,2026-08-26T18:21:06.554382+00:00,official-source realtime snapshot; field-instrument values require QA,source-published snapshot only; AirSentinel does not certify or alter it,This endpoint is not a 180-day archive. Repeated scheduled snapshots or an approved historical export are required.
India,Gujarat,Mehsana,"Sadanand Nagar, Mehsana - Nexteng Enviro",26-08-2026 23:00:00,23.59315,72.372792,NO2,3,6,4,CPCB real-time AQI via data.gov.in,Central Pollution Control Board,https://www.data.gov.in/catalog/real-time-air-quality-index,2026-08-26T18:21:06.554382+00:00,official-source realtime snapshot; field-instrument values require QA,source-published snapshot only; AirSentinel does not certify or alter it,This endpoint is not a 180-day archive. Repeated scheduled snapshots or an approved historical export are required.
India,Gujarat,Nandesari,"GIDC, Nandesari - Nandesari Ind. Association",26-08-2026 23:00:00,22.410802,73.097923,PM10,47,102,70,CPCB real-time AQI via data.gov.in,Central Pollution Control Board,https://www.data.gov.in/catalog/real-time-air-quality-index,2026-08-26T18:21:06.554382+00:00,official-source realtime snapshot; field-instrument values require QA,source-published snapshot only; AirSentinel does not certify or alter it,This endpoint is not a 180-day archive. Repeated scheduled snapshots or an approved historical export are required.
India,Gujarat,Nandesari,"GIDC, Nandesari - Nandesari Ind. Association",26-08-2026 23:00:00,22.410802,73.097923,NO2,3,32,13,CPCB real-time AQI via data.gov.in,Central Pollution Control Board,https://www.data.gov.in/catalog/real-time-air-quality-index,2026-08-26T18:21:06.554382+00:00,official-source realtime snapshot; field-instrument values require QA,source-published snapshot only; AirSentinel does not certify or alter it,This endpoint is not a 180-day archive. Repeated scheduled snapshots or an approved historical export are required.
India,Gujarat,Surat,"Science Center, Surat - SMC",26-08-2026 23:00:00,21.170046,72.795405,PM10,30,63,47,CPCB real-time AQI via data.gov.in,Central Pollution Control Board,https://www.data.gov.in/catalog/real-time-air-quality-index,2026-08-26T18:21:06.554382+00:00,official-source realtime snapshot; field-instrument values require QA,source-published snapshot only; AirSentinel does not certify or alter it,This endpoint is not a 180-day archive. Repeated scheduled snapshots or an approved historical export are required.
India,Gujarat,Vadodara,"Bapunagar, Vadodara - Nexteng Enviro",26-08-2026 23:00:00,22.320153,73.216285,NO2,10,12,11,CPCB real-time AQI via data.gov.in,Central Pollution Control Board,https://www.data.gov.in/catalog/real-time-air-quality-index,2026-08-26T18:21:06.554382+00:00,official-source realtime snapshot; field-instrument values require QA,source-published snapshot only; AirSentinel does not certify or alter it,This endpoint is not a 180-day archive. Repeated scheduled snapshots or an approved historical export are required.
India,Gujarat,Vapi,"Phase-1 GIDC, Vapi - GPCB",26-08-2026 23:00:00,20.362421,72.918013,PM2.5,12,41,22,CPCB real-time AQI via data.gov.in,Central Pollution Control Board,https://www.data.gov.in/catalog/real-time-air-quality-index,2026-08-26T18:21:06.554382+00:00,official-source realtime snapshot; field-instrument values require QA,source-published snapshot only; AirSentinel does not certify or alter it,This endpoint is not a 180-day archive. Repeated scheduled snapshots or an approved historical export are required.
India,Gujarat,Vapi,"Phase-1 GIDC, Vapi - GPCB",26-08-2026 23:00:00,20.362421,72.918013,SO2,9,20,14,CPCB real-time AQI via data.gov.in,Central Pollution Control Board,https://www.data.gov.in/catalog/real-time-air-quality-index,2026-08-26T18:21:06.554382+00:00,official-source realtime snapshot; field-instrument values require QA,source-published snapshot only; AirSentinel does not certify or alter it,This endpoint is not a 180-day archive. Repeated scheduled snapshots or an approved historical export are required.
India,Gujarat,Vatva,"Phase-4 GIDC, Vatva - GPCB",26-08-2026 23:00:00,22.969611,72.6435,PM2.5,52,222,105,CPCB real-time AQI via data.gov.in,Central Pollution Control Board,https://www.data.gov.in/catalog/real-time-air-quality-index,2026-08-26T18:21:06.554382+00:00,official-source realtime snapshot; field-instrument values require QA,source-published snapshot only; AirSentinel does not certify or alter it,This endpoint is not a 180-day archive. Repeated scheduled snapshots or an approved historical export are required.
India,Gujarat,Vatva,"Phase-4 GIDC, Vatva - GPCB",26-08-2026 23:00:00,22.969611,72.6435,CO,37,50,43,CPCB real-time AQI via data.gov.in,Central Pollution Control Board,https://www.data.gov.in/catalog/real-time-air-quality-index,2026-08-26T18:21:06.554382+00:00,official-source realtime snapshot; field-instrument values require QA,source-published snapshot only; AirSentinel does not certify or alter it,This endpoint is not a 180-day archive. Repeated scheduled snapshots or an approved historical export are required.
India,Haryana,Ambala,"Patti Mehar, Ambala - HSPCB",26-08-2026 23:00:00,30.379589,76.778328,NO2,6,8,7,CPCB real-time AQI via data.gov.in,Central Pollution Control Board,https://www.data.gov.in/catalog/real-time-air-quality-index,2026-08-26T18:21:06.554382+00:00,official-source realtime snapshot; field-instrument values require QA,source-published snapshot only; AirSentinel does not certify or alter it,This endpoint is not a 180-day archive. Repeated scheduled snapshots or an approved historical export are required.
India,Haryana,Bahadurgarh,"Arya Nagar, Bahadurgarh - HSPCB",26-08-2026 23:00:00,28.6701,76.9254,NO2,17,32,26,CPCB real-time AQI via data.gov.in,Central Pollution Control Board,https://www.data.gov.in/catalog/real-time-air-quality-index,2026-08-26T18:21:06.554382+00:00,official-source realtime snapshot; field-instrument values require QA,source-published snapshot only; AirSentinel does not certify or alter it,This endpoint is not a 180-day archive. Repeated scheduled snapshots or an approved historical export are required.
India,Haryana,Bahadurgarh,"Arya Nagar, Bahadurgarh - HSPCB",26-08-2026 23:00:00,28.6701,76.9254,SO2,7,9,8,CPCB real-time AQI via data.gov.in,Central Pollution Control Board,https://www.data.gov.in/catalog/real-time-air-quality-index,2026-08-26T18:21:06.554382+00:00,official-source realtime snapshot; field-instrument values require QA,source-published snapshot only; AirSentinel does not certify or alter it,This endpoint is not a 180-day archive. Repeated scheduled snapshots or an approved historical export are required.
India,Haryana,Bhiwani,"H.B. Colony, Bhiwani - HSPCB",26-08-2026 23:00:00,28.806223,76.141105,PM10,112,138,128,CPCB real-time AQI via data.gov.in,Central Pollution Control Board,https://www.data.gov.in/catalog/real-time-air-quality-index,2026-08-26T18:21:06.554382+00:00,official-source realtime snapshot; field-instrument values require QA,source-published snapshot only; AirSentinel does not certify or alter it,This endpoint is not a 180-day archive. Repeated scheduled snapshots or an approved historical export are required.
India,Haryana,Charkhi Dadri,"Mini Secretariat, Charkhi Dadri - HSPCB",26-08-2026 23:00:00,28.593883,76.270653,NO2,9,21,15,CPCB real-time AQI via data.gov.in,Central Pollution Control Board,https://www.data.gov.in/catalog/real-time-air-quality-index,2026-08-26T18:21:06.554382+00:00,official-source realtime snapshot; field-instrument values require QA,source-published snapshot only; AirSentinel does not certify or alter it,This endpoint is not a 180-day archive. Repeated scheduled snapshots or an approved historical export are required.
India,Haryana,Faridabad,"New Industrial Town, Faridabad - HSPCB",26-08-2026 23:00:00,28.39072,77.30059,PM2.5,50,76,60,CPCB real-time AQI via data.gov.in,Central Pollution Control Board,https://www.data.gov.in/catalog/real-time-air-quality-index,2026-08-26T18:21:06.554382+00:00,official-source realtime snapshot; field-instrument values require QA,source-published snapshot only; AirSentinel does not certify or alter it,This endpoint is not a 180-day archive. Repeated scheduled snapshots or an approved historical export are required.
India,Haryana,Faridabad,"New Industrial Town, Faridabad - HSPCB",26-08-2026 23:00:00,28.39072,77.30059,PM10,33,112,69,CPCB real-time AQI via data.gov.in,Central Pollution Control Board,https://www.data.gov.in/catalog/real-time-air-quality-index,2026-08-26T18:21:06.554382+00:00,official-source realtime snapshot; field-instrument values require QA,source-published snapshot only; AirSentinel does not certify or alter it,This endpoint is not a 180-day archive. Repeated scheduled snapshots or an approved historical export are required.
India,Haryana,Faridabad,"New Industrial Town, Faridabad - HSPCB",26-08-2026 23:00:00,28.39072,77.30059,NO2,24,27,25,CPCB real-time AQI via data.gov.in,Central Pollution Control Board,https://www.data.gov.in/catalog/real-time-air-quality-index,2026-08-26T18:21:06.554382+00:00,official-source realtime snapshot; field-instrument values require QA,source-published snapshot only; AirSentinel does not certify or alter it,This endpoint is not a 180-day archive. Repeated scheduled snapshots or an approved historical export are required.
India,Delhi,Delhi,"Pusa, Delhi - DPCC",26-08-2026 23:00:00,28.639652,77.146275,PM10,61,239,146,CPCB real-time AQI via data.gov.in,Central Pollution Control Board,https://www.data.gov.in/catalog/real-time-air-quality-index,2026-08-26T18:21:06.554382+00:00,official-source realtime snapshot; field-instrument values require QA,source-published snapshot only; AirSentinel does not certify or alter it,This endpoint is not a 180-day archive. Repeated scheduled snapshots or an approved historical export are required.
India,Delhi,Delhi,"Sirifort, Delhi - CPCB",26-08-2026 23:00:00,28.5504249,77.2159377,NO2,36,47,43,CPCB real-time AQI via data.gov.in,Central Pollution Control Board,https://www.data.gov.in/catalog/real-time-air-quality-index,2026-08-26T18:21:06.554382+00:00,official-source realtime snapshot; field-instrument values require QA,source-published snapshot only; AirSentinel does not certify or alter it,This endpoint is not a 180-day archive. Repeated scheduled snapshots or an approved historical export are required.
India,Delhi,Delhi,"Chandni Chowk, Delhi - IITM",26-08-2026 23:00:00,28.656756,77.227234,PM2.5,80,145,111,CPCB real-time AQI via data.gov.in,Central Pollution Control Board,https://www.data.gov.in/catalog/real-time-air-quality-index,2026-08-26T18:21:06.554382+00:00,official-source realtime snapshot; field-instrument values require QA,source-published snapshot only; AirSentinel does not certify or alter it,This endpoint is not a 180-day archive. Repeated scheduled snapshots or an approved historical export are required.
India,Delhi,Delhi,"Chandni Chowk, Delhi - IITM",26-08-2026 23:00:00,28.656756,77.227234,PM10,107,166,131,CPCB real-time AQI via data.gov.in,Central Pollution Control Board,https://www.data.gov.in/catalog/real-time-air-quality-index,2026-08-26T18:21:06.554382+00:00,official-source realtime snapshot; field-instrument values require QA,source-published snapshot only; AirSentinel does not certify or alter it,This endpoint is not a 180-day archive. Repeated scheduled snapshots or an approved historical export are required.
India,Delhi,Delhi,"Pusa, Delhi - IITM",26-08-2026 23:00:00,28.63611,77.173332,NO2,NA,NA,NA,CPCB real-time AQI via data.gov.in,Central Pollution Control Board,https://www.data.gov.in/catalog/real-time-air-quality-index,2026-08-26T18:21:06.554382+00:00,official-source realtime snapshot; field-instrument values require QA,source-published snapshot only; AirSentinel does not certify or alter it,This endpoint is not a 180-day archive. Repeated scheduled snapshots or an approved historical export are required.
India,Delhi,Delhi,"DTU, Delhi - CPCB",26-08-2026 23:00:00,28.7500499,77.1112615,PM2.5,78,184,107,CPCB real-time AQI via data.gov.in,Central Pollution Control Board,https://www.data.gov.in/catalog/real-time-air-quality-index,2026-08-26T18:21:06.554382+00:00,official-source realtime snapshot; field-instrument values require QA,source-published snapshot only; AirSentinel does not certify or alter it,This endpoint is not a 180-day archive. Repeated scheduled snapshots or an approved historical export are required.
India,Delhi,Delhi,"DTU, Delhi - CPCB",26-08-2026 23:00:00,28.7500499,77.1112615,PM10,54,161,81,CPCB real-time AQI via data.gov.in,Central Pollution Control Board,https://www.data.gov.in/catalog/real-time-air-quality-index,2026-08-26T18:21:06.554382+00:00,official-source realtime snapshot; field-instrument values require QA,source-published snapshot only; AirSentinel does not certify or alter it,This endpoint is not a 180-day archive. Repeated scheduled snapshots or an approved historical export are required.
India,Delhi,Delhi,"DTU, Delhi - CPCB",26-08-2026 23:00:00,28.7500499,77.1112615,SO2,26,43,33,CPCB real-time AQI via data.gov.in,Central Pollution Control Board,https://www.data.gov.in/catalog/real-time-air-quality-index,2026-08-26T18:21:06.554382+00:00,official-source realtime snapshot; field-instrument values require QA,source-published snapshot only; AirSentinel does not certify or alter it,This endpoint is not a 180-day archive. Repeated scheduled snapshots or an approved historical export are required.
India,Delhi,Delhi,"Dr. Karni Singh Shooting Range, Delhi - DPCC",26-08-2026 23:00:00,28.498571,77.26484,NO2,11,32,22,CPCB real-time AQI via data.gov.in,Central Pollution Control Board,https://www.data.gov.in/catalog/real-time-air-quality-index,2026-08-26T18:21:06.554382+00:00,official-source realtime snapshot; field-instrument values require QA,source-published snapshot only; AirSentinel does not certify or alter it,This endpoint is not a 180-day archive. Repeated scheduled snapshots or an approved historical export are required.
India,Delhi,Delhi,"IIT Delhi, Delhi - IITM",26-08-2026 23:00:00,28.54246,77.191651,CO,19,45,31,CPCB real-time AQI via data.gov.in,Central Pollution Control Board,https://www.data.gov.in/catalog/real-time-air-quality-index,2026-08-26T18:21:06.554382+00:00,official-source realtime snapshot; field-instrument values require QA,source-published snapshot only; AirSentinel does not certify or alter it,This endpoint is not a 180-day archive. Repeated scheduled snapshots or an approved historical export are required.
India,Delhi,Delhi,"IGI Airport (T3), Delhi - IITM",26-08-2026 23:00:00,28.5627763,77.1180053,CO,21,74,43,CPCB real-time AQI via data.gov.in,Central Pollution Control Board,https://www.data.gov.in/catalog/real-time-air-quality-index,2026-08-26T18:21:06.554382+00:00,official-source realtime snapshot; field-instrument values require QA,source-published snapshot only; AirSentinel does not certify or alter it,This endpoint is not a 180-day archive. Repeated scheduled snapshots or an approved historical export are required.
India,Haryana,Faridabad,"Sector 11, Faridabad - HSPCB",26-08-2026 23:00:00,28.376058,77.315741,PM2.5,19,417,132,CPCB real-time AQI via data.gov.in,Central Pollution Control Board,https://www.data.gov.in/catalog/real-time-air-quality-index,2026-08-26T18:21:06.554382+00:00,official-source realtime snapshot; field-instrument values require QA,source-published snapshot only; AirSentinel does not certify or alter it,This endpoint is not a 180-day archive. Repeated scheduled snapshots or an approved historical export are required.
India,Haryana,Faridabad,"Sector 30, Faridabad - HSPCB",26-08-2026 23:00:00,28.4417,77.3217,PM10,68,167,109,CPCB real-time AQI via data.gov.in,Central Pollution Control Board,https://www.data.gov.in/catalog/real-time-air-quality-index,2026-08-26T18:21:06.554382+00:00,official-source realtime snapshot; field-instrument values require QA,source-published snapshot only; AirSentinel does not certify or alter it,This endpoint is not a 180-day archive. Repeated scheduled snapshots or an approved historical export are required.
India,Haryana,Fatehabad,"Huda Sector, Fatehabad - HSPCB",26-08-2026 23:00:00,29.503664,75.467934,PM2.5,16,29,21,CPCB real-time AQI via data.gov.in,Central Pollution Control Board,https://www.data.gov.in/catalog/real-time-air-quality-index,2026-08-26T18:21:06.554382+00:00,official-source realtime snapshot; field-instrument values require QA,source-published snapshot only; AirSentinel does not certify or alter it,This endpoint is not a 180-day archive. Repeated scheduled snapshots or an approved historical export are required.
India,Haryana,Gurugram,"Teri Gram, Gurugram - HSPCB",26-08-2026 23:00:00,28.4275,77.1465,PM2.5,6,486,154,CPCB real-time AQI via data.gov.in,Central Pollution Control Board,https://www.data.gov.in/catalog/real-time-air-quality-index,2026-08-26T18:21:06.554382+00:00,official-source realtime snapshot; field-instrument values require QA,source-published snapshot only; AirSentinel does not certify or alter it,This endpoint is not a 180-day archive. Repeated scheduled snapshots or an approved historical export are required.
India,Haryana,Gurugram,"Teri Gram, Gurugram - HSPCB",26-08-2026 23:00:00,28.4275,77.1465,PM10,6,490,126,CPCB real-time AQI via data.gov.in,Central Pollution Control Board,https://www.data.gov.in/catalog/real-time-air-quality-index,2026-08-26T18:21:06.554382+00:00,official-source realtime snapshot; field-instrument values require QA,source-published snapshot only; AirSentinel does not certify or alter it,This endpoint is not a 180-day archive. Repeated scheduled snapshots or an approved historical export are required.
India,Haryana,Gurugram,"Teri Gram, Gurugram - HSPCB",26-08-2026 23:00:00,28.4275,77.1465,CO,10,21,16,CPCB real-time AQI via data.gov.in,Central Pollution Control Board,https://www.data.gov.in/catalog/real-time-air-quality-index,2026-08-26T18:21:06.554382+00:00,official-source realtime snapshot; field-instrument values require QA,source-published snapshot only; AirSentinel does not certify or alter it,This endpoint is not a 180-day archive. Repeated scheduled snapshots or an approved historical export are required.
India,Haryana,Gurugram,"Vikas Sadan, Gurugram - HSPCB",26-08-2026 23:00:00,28.4501238,77.0263051,PM10,38,104,74,CPCB real-time AQI via data.gov.in,Central Pollution Control Board,https://www.data.gov.in/catalog/real-time-air-quality-index,2026-08-26T18:21:06.554382+00:00,official-source realtime snapshot; field-instrument values require QA,source-published snapshot only; AirSentinel does not certify or alter it,This endpoint is not a 180-day archive. Repeated scheduled snapshots or an approved historical export are required.
India,Haryana,Jind,"Police Lines, Jind - HSPCB",26-08-2026 23:00:00,29.307814,76.337619,PM10,61,80,75,CPCB real-time AQI via data.gov.in,Central Pollution Control Board,https://www.data.gov.in/catalog/real-time-air-quality-index,2026-08-26T18:21:06.554382+00:00,official-source realtime snapshot; field-instrument values require QA,source-published snapshot only; AirSentinel does not certify or alter it,This endpoint is not a 180-day archive. Repeated scheduled snapshots or an approved historical export are required.
India,Haryana,Kaithal,"Rishi Nagar, Kaithal - HSPCB",26-08-2026 23:00:00,29.8006,76.4155,NO2,20,25,22,CPCB real-time AQI via data.gov.in,Central Pollution Control Board,https://www.data.gov.in/catalog/real-time-air-quality-index,2026-08-26T18:21:06.554382+00:00,official-source realtime snapshot; field-instrument values require QA,source-published snapshot only; AirSentinel does not certify or alter it,This endpoint is not a 180-day archive. Repeated scheduled snapshots or an approved historical export are required.
India,Delhi,Delhi,"R K Puram, Delhi - DPCC",26-08-2026 23:00:00,28.563262,77.186937,PM10,57,130,99,CPCB real-time AQI via data.gov.in,Central Pollution Control Board,https://www.data.gov.in/catalog/real-time-air-quality-index,2026-08-26T18:21:06.554382+00:00,official-source realtime snapshot; field-instrument values require QA,source-published snapshot only; AirSentinel does not certify or alter it,This endpoint is not a 180-day archive. Repeated scheduled snapshots or an approved historical export are required.
India,Delhi,Delhi,"R K Puram, Delhi - DPCC",26-08-2026 23:00:00,28.563262,77.186937,SO2,9,11,10,CPCB real-time AQI via data.gov.in,Central Pollution Control Board,https://www.data.gov.in/catalog/real-time-air-quality-index,2026-08-26T18:21:06.554382+00:00,official-source realtime snapshot; field-instrument values require QA,source-published snapshot only; AirSentinel does not certify or alter it,This endpoint is not a 180-day archive. Repeated scheduled snapshots or an approved historical export are required.
India,Gujarat,Ahmedabad,"SVPI Airport Hansol, Ahmedabad - IITM",26-08-2026 23:00:00,23.076793,72.627874,PM10,117,154,136,CPCB real-time AQI via data.gov.in,Central Pollution Control Board,https://www.data.gov.in/catalog/real-time-air-quality-index,2026-08-26T18:21:06.554382+00:00,official-source realtime snapshot; field-instrument values require QA,source-published snapshot only; AirSentinel does not certify or alter it,This endpoint is not a 180-day archive. Repeated scheduled snapshots or an approved historical export are required.
India,Gujarat,Ahmedabad,"SVPI Airport Hansol, Ahmedabad - IITM",26-08-2026 23:00:00,23.076793,72.627874,NO2,13,42,24,CPCB real-time AQI via data.gov.in,Central Pollution Control Board,https://www.data.gov.in/catalog/real-time-air-quality-index,2026-08-26T18:21:06.554382+00:00,official-source realtime snapshot; field-instrument values require QA,source-published snapshot only; AirSentinel does not certify or alter it,This endpoint is not a 180-day archive. Repeated scheduled snapshots or an approved historical export are required.
India,Gujarat,Ahmedabad,"Maninagar, Ahmedabad - GPCB",26-08-2026 23:00:00,23.002657,72.591912,CO,38,83,57,CPCB real-time AQI via data.gov.in,Central Pollution Control Board,https://www.data.gov.in/catalog/real-time-air-quality-index,2026-08-26T18:21:06.554382+00:00,official-source realtime snapshot; field-instrument values require QA,source-published snapshot only; AirSentinel does not certify or alter it,This endpoint is not a 180-day archive. Repeated scheduled snapshots or an approved historical export are required.
India,Gujarat,Ahmedabad,"SAC ISRO Bopal, Ahmedabad - IITM",26-08-2026 23:00:00,23.041137,72.456691,CO,23,38,31,CPCB real-time AQI via data.gov.in,Central Pollution Control Board,https://www.data.gov.in/catalog/real-time-air-quality-index,2026-08-26T18:21:06.554382+00:00,official-source realtime snapshot; field-instrument values require QA,source-published snapshot only; AirSentinel does not certify or alter it,This endpoint is not a 180-day archive. Repeated scheduled snapshots or an approved historical export are required.
India,Gujarat,Ahmedabad,"Raikhad, Ahmedabad - IITM",26-08-2026 23:00:00,23.020509,72.579261,CO,40,96,62,CPCB real-time AQI via data.gov.in,Central Pollution Control Board,https://www.data.gov.in/catalog/real-time-air-quality-index,2026-08-26T18:21:06.554382+00:00,official-source realtime snapshot; field-instrument values require QA,source-published snapshot only; AirSentinel does not certify or alter it,This endpoint is not a 180-day archive. Repeated scheduled snapshots or an approved historical export are required.
India,Gujarat,Ankleshwar,"GIDC, Ankleshwar - GPCB",26-08-2026 23:00:00,21.613267,73.010555,PM10,50,101,77,CPCB real-time AQI via data.gov.in,Central Pollution Control Board,https://www.data.gov.in/catalog/real-time-air-quality-index,2026-08-26T18:21:06.554382+00:00,official-source realtime snapshot; field-instrument values require QA,source-published snapshot only; AirSentinel does not certify or alter it,This endpoint is not a 180-day archive. Repeated scheduled snapshots or an approved historical export are required.
India,Haryana,Kurukshetra,"Sector-7, Kurukshetra - HSPCB",26-08-2026 23:00:00,29.966942,76.875879,NO2,8,11,9,CPCB real-time AQI via data.gov.in,Central Pollution Control Board,https://www.data.gov.in/catalog/real-time-air-quality-index,2026-08-26T18:21:06.554382+00:00,official-source realtime snapshot; field-instrument values require QA,source-published snapshot only; AirSentinel does not certify or alter it,This endpoint is not a 180-day archive. Repeated scheduled snapshots or an approved historical export are required.
India,Haryana,Manesar,"Sector-2 IMT, Manesar - HSPCB",26-08-2026 23:00:00,28.360699,76.93609,SO2,4,25,9,CPCB real-time AQI via data.gov.in,Central Pollution Control Board,https://www.data.gov.in/catalog/real-time-air-quality-index,2026-08-26T18:21:06.554382+00:00,official-source realtime snapshot; field-instrument values require QA,source-published snapshot only; AirSentinel does not certify or alter it,This endpoint is not a 180-day archive. Repeated scheduled snapshots or an approved historical export are required.
India,Haryana,Narnaul,"Shastri Nagar, Narnaul - HSPCB",26-08-2026 23:00:00,28.060249,76.113115,SO2,5,18,10,CPCB real-time AQI via data.gov.in,Central Pollution Control Board,https://www.data.gov.in/catalog/real-time-air-quality-index,2026-08-26T18:21:06.554382+00:00,official-source realtime snapshot; field-instrument values require QA,source-published snapshot only; AirSentinel does not certify or alter it,This endpoint is not a 180-day archive. Repeated scheduled snapshots or an approved historical export are required.
India,Haryana,Panchgaon,"Amity University, Panchgaon - IITM",26-08-2026 23:00:00,28.3153,76.9143,PM10,8,104,39,CPCB real-time AQI via data.gov.in,Central Pollution Control Board,https://www.data.gov.in/catalog/real-time-air-quality-index,2026-08-26T18:21:06.554382+00:00,official-source realtime snapshot; field-instrument values require QA,source-published snapshot only; AirSentinel does not certify or alter it,This endpoint is not a 180-day archive. Repeated scheduled snapshots or an approved historical export are required.
India,Haryana,Panchkula,"Sector-6, Panchkula - HSPCB ",26-08-2026 23:00:00,30.7057778,76.8531805555555,PM2.5,21,110,48,CPCB real-time AQI via data.gov.in,Central Pollution Control Board,https://www.data.gov.in/catalog/real-time-air-quality-index,2026-08-26T18:21:06.554382+00:00,official-source realtime snapshot; field-instrument values require QA,source-published snapshot only; AirSentinel does not certify or alter it,This endpoint is not a 180-day archive. Repeated scheduled snapshots or an approved historical export are required.
India,Haryana,Panchkula,"Sector-6, Panchkula - HSPCB ",26-08-2026 23:00:00,30.7057778,76.8531805555555,NO2,27,33,30,CPCB real-time AQI via data.gov.in,Central Pollution Control Board,https://www.data.gov.in/catalog/real-time-air-quality-index,2026-08-26T18:21:06.554382+00:00,official-source realtime snapshot; field-instrument values require QA,source-published snapshot only; AirSentinel does not certify or alter it,This endpoint is not a 180-day archive. Repeated scheduled snapshots or an approved historical export are required.
India,Haryana,Panchkula,"Sector-6, Panchkula - HSPCB ",26-08-2026 23:00:00,30.7057778,76.8531805555555,SO2,10,13,11,CPCB real-time AQI via data.gov.in,Central Pollution Control Board,https://www.data.gov.in/catalog/real-time-air-quality-index,2026-08-26T18:21:06.554382+00:00,official-source realtime snapshot; field-instrument values require QA,source-published snapshot only; AirSentinel does not certify or alter it,This endpoint is not a 180-day archive. Repeated scheduled snapshots or an approved historical export are required.
India,Haryana,Panchkula,"Sector-6, Panchkula - HSPCB ",26-08-2026 23:00:00,30.7057778,76.8531805555555,CO,19,20,20,CPCB real-time AQI via data.gov.in,Central Pollution Control Board,https://www.data.gov.in/catalog/real-time-air-quality-index,2026-08-26T18:21:06.554382+00:00,official-source realtime snapshot; field-instrument values require QA,source-published snapshot only; AirSentinel does not certify or alter it,This endpoint is not a 180-day archive. Repeated scheduled snapshots or an approved historical export are required.
India,Delhi,Delhi,"IGNOU_Maidan Garhi, Delhi - DPCC",26-08-2026 23:00:00,28.493624,77.201159,PM10,36,93,70,CPCB real-time AQI via data.gov.in,Central Pollution Control Board,https://www.data.gov.in/catalog/real-time-air-quality-index,2026-08-26T18:21:06.554382+00:00,official-source realtime snapshot; field-instrument values require QA,source-published snapshot only; AirSentinel does not certify or alter it,This endpoint is not a 180-day archive. Repeated scheduled snapshots or an approved historical export are required.
India,Delhi,Delhi,"Aya Nagar, Delhi - IITM",26-08-2026 23:00:00,28.4706914,77.1099364,SO2,NA,NA,NA,CPCB real-time AQI via data.gov.in,Central Pollution Control Board,https://www.data.gov.in/catalog/real-time-air-quality-index,2026-08-26T18:21:06.554382+00:00,official-source realtime snapshot; field-instrument values require QA,source-published snapshot only; AirSentinel does not certify or alter it,This endpoint is not a 180-day archive. Repeated scheduled snapshots or an approved historical export are required.
India,Delhi,Delhi,"Burari Crossing, Delhi - IITM",26-08-2026 23:00:00,28.7256504,77.2011573,PM2.5,37,195,97,CPCB real-time AQI via data.gov.in,Central Pollution Control Board,https://www.data.gov.in/catalog/real-time-air-quality-index,2026-08-26T18:21:06.554382+00:00,official-source realtime snapshot; field-instrument values require QA,source-published snapshot only; AirSentinel does not certify or alter it,This endpoint is not a 180-day archive. Repeated scheduled snapshots or an approved historical export are required.
India,Delhi,Delhi,"Burari Crossing, Delhi - IITM",26-08-2026 23:00:00,28.7256504,77.2011573,SO2,NA,NA,NA,CPCB real-time AQI via data.gov.in,Central Pollution Control Board,https://www.data.gov.in/catalog/real-time-air-quality-index,2026-08-26T18:21:06.554382+00:00,official-source realtime snapshot; field-instrument values require QA,source-published snapshot only; AirSentinel does not certify or alter it,This endpoint is not a 180-day archive. Repeated scheduled snapshots or an approved historical export are required.
India,Delhi,Delhi,"IMD Lodhi Road, Delhi - IITM",26-08-2026 23:00:00,28.5918245,77.2273074,NO2,6,34,17,CPCB real-time AQI via data.gov.in,Central Pollution Control Board,https://www.data.gov.in/catalog/real-time-air-quality-index,2026-08-26T18:21:06.554382+00:00,official-source realtime snapshot; field-instrument values require QA,source-published snapshot only; AirSentinel does not certify or alter it,This endpoint is not a 180-day archive. Repeated scheduled snapshots or an approved historical export are required.
India,Delhi,Delhi,"North Campus, DU, Delhi - IITM",26-08-2026 23:00:00,28.6573814,77.1585447,SO2,NA,NA,NA,CPCB real-time AQI via data.gov.in,Central Pollution Control Board,https://www.data.gov.in/catalog/real-time-air-quality-index,2026-08-26T18:21:06.554382+00:00,official-source realtime snapshot; field-instrument values require QA,source-published snapshot only; AirSentinel does not certify or alter it,This endpoint is not a 180-day archive. Repeated scheduled snapshots or an approved historical export are required.
